id,year,region,zone,district,kebele,lon,lat,planting_date,season
1,2014,Oromia,East Oromia,Gimbichu,Argoba,39.18211111,8.949277778,17/08/2014,Meher-14
2,2014,Oromia,East Oromia,Gimbichu,Argoba,39.19208333,8.948416667,27/07/2014,Meher-14
3,2014,Oromia,East Oromia,Gimbichu,Argoba,39.17983333,8.951138889,04/08/2014,Meher-14
4,2014,Oromia,East Oromia,Gimbichu,Argoba,39.17716667,8.957694444,27/07/2014,Meher-14
7,2014,Oromia,East Oromia,Gimbichu,Argoba,39.18152778,8.964388889,04/08/2014,Meher-14
8,2014,Oromia,East Oromia,Gimbichu,Argoba,39.19233333,8.94875,29/07/2014,Meher-14
9,2014,Oromia,East Oromia,Gimbichu,Argoba,39.17905556,8.951,14/08/2014,Meher-14
10,2014,Oromia,East Oromia,Gimbichu,Argoba,39.19219444,8.947583333,12/08/2014,Meher-14
11,2014,Oromia,East Oromia,Gimbichu,Argoba,39.18972222,8.945361111,19/08/2014,Meher-14
12,2014,Oromia,East Oromia,Gimbichu,Argoba,39.18011111,8.960138889,05/08/2014,Meher-14
13,2014,Oromia,East Oromia,Gimbichu,Argoba,39.17777778,8.946444444,18/08/2014,Meher-14
15,2014,Oromia,East Oromia,Gimbichu,Argoba,39.17575,8.965694444,04/08/2014,Meher-14
16,2014,Oromia,East Oromia,Gimbichu,Argoba,39.16294444,8.968888889,14/08/2014,Meher-14
18,2014,Oromia,East Oromia,Lume,Danse Shambure,39.21219444,8.720805556,24/07/2014,Meher-14
19,2014,Oromia,East Oromia,Lume,Danse Shambure,39.20347222,8.728361111,24/07/2014,Meher-14
21,2014,Oromia,East Oromia,Lume,Danse Shambure,39.24394444,8.726166667,21/07/2014,Meher-14
23,2014,Oromia,East Oromia,Lume,Danse Shambure,39.20638889,8.732361111,23/07/2014,Meher-14
27,2014,Oromia,East Oromia,Lume,Danse Shambure,39.20911111,8.723444444,24/07/2014,Meher-14
28,2014,Oromia,East Oromia,Lume,Danse Shambure,39.21219444,8.730555556,23/07/2014,Meher-14
29,2014,Oromia,East Oromia,Lume,Danse Shambure,39.211,8.730583333,22/07/2014,Meher-14
30,2014,Oromia,East Oromia,Lume,Danse Shambure,39.21486111,8.727333333,22/07/2014,Meher-14
31,2014,Oromia,East Oromia,Lume,Danse Shambure,39.20744444,8.727833333,18/07/2014,Meher-14
32,2014,Oromia,East Oromia,Lume,Danse Shambure,39.24066667,8.7305,22/07/2014,Meher-14
33,2014,Oromia,East Oromia,Lume,Danse Shambure,39.20094444,8.733388889,23/07/2014,Meher-14
34,2014,Oromia,East Oromia,Lume,Ejere Finchawa,39.24272222,8.786638889,24/07/2014,Meher-14
35,2014,Oromia,East Oromia,Lume,Ejere Finchawa,39.23452778,8.7795,22/07/2014,Meher-14
36,2014,Oromia,East Oromia,Lume,Ejere Finchawa,39.24319444,8.783055556,22/07/2014,Meher-14
37,2014,Oromia,East Oromia,Lume,Ejere Finchawa,39.22844444,8.785111111,24/07/2014,Meher-14
38,2014,Oromia,East Oromia,Lume,Ejere Finchawa,39.22677778,8.784305556,24/07/2014,Meher-14
42,2014,Oromia,East Oromia,Lume,Ejere Finchawa,39.23283333,8.779666667,24/08/2014,Meher-14
43,2014,Oromia,East Oromia,Lume,Ejere Finchawa,39.23752778,8.785111111,22/07/2014,Meher-14
45,2014,Oromia,East Oromia,Lume,Ejere Finchawa,39.23877778,8.781361111,22/07/2014,Meher-14
48,2014,Oromia,East Oromia,Lume,Tikurgebru,39.27705556,8.771833333,18/07/2014,Meher-14
49,2014,Oromia,East Oromia,Lume,Tikurgebru,39.27366667,8.764638889,22/07/2014,Meher-14
50,2014,Oromia,East Oromia,Lume,Tikurgebru,39.26997222,8.769805556,21/07/2014,Meher-14
52,2014,Oromia,East Oromia,Lume,Tikurgebru,39.27341667,8.771416667,22/07/2014,Meher-14
53,2014,Oromia,East Oromia,Lume,Tikurgebru,39.27833333,8.768694444,21/07/2014,Meher-14
54,2014,Oromia,East Oromia,Lume,Tikurgebru,39.26827778,8.77175,20/07/2014,Meher-14
55,2014,Oromia,East Oromia,Lume,Tikurgebru,39.28005556,8.772472222,18/07/2014,Meher-14
56,2014,Oromia,East Oromia,Lume,Tikurgebru,39.27897222,8.770861111,18/07/2014,Meher-14
57,2014,Oromia,East Oromia,Lume,Tikurgebru,39.26866667,8.775555556,20/07/2014,Meher-14
58,2014,Oromia,East Oromia,Lume,Tikurgebru,39.27827778,8.771444444,18/07/2014,Meher-14
59,2014,Oromia,East Oromia,Lume,Tikurgebru,39.27791667,8.773361111,20/07/2014,Meher-14
60,2014,Oromia,East Oromia,Lume,Tikurgebru,39.27594444,8.769638889,22/07/2014,Meher-14
61,2014,Oromia,East Oromia,Lume,Tikurgebru,39.27577778,8.760444444,22/07/2014,Meher-14
62,2014,Oromia,East Oromia,Lume,Tikurgebru,39.27525,8.761555556,22/07/2014,Meher-14
64,2014,Oromia,East Oromia,Gimbichu,Habru meti,39.09769444,8.948555556,08/08/2014,Meher-14
66,2014,Oromia,East Oromia,Gimbichu,Habru meti,39.09797222,8.955333333,16/08/2014,Meher-14
69,2014,Oromia,East Oromia,Gimbichu,Habru meti,39.09341667,8.937666667,05/08/2014,Meher-14
70,2014,Oromia,East Oromia,Gimbichu,Habru meti,39.08927778,8.947444444,17/08/2014,Meher-14
71,2014,Oromia,East Oromia,Gimbichu,Habru meti,39.08252778,8.945194444,15/08/2014,Meher-14
74,2014,Oromia,East Oromia,Gimbichu,Habru meti,39.09619444,8.947222222,15/08/2014,Meher-14
75,2014,Oromia,East Oromia,Gimbichu,Habru meti,39.09227778,8.94525,12/08/2014,Meher-14
84,2014,Oromia,East Oromia,Gimbichu,Fugni,39.09819444,8.930575,13/08/2014,Meher-14
87,2014,Oromia,East Oromia,Gimbichu,Fugni,39.0885,8.971694444,01/08/2014,Meher-14
89,2014,Oromia,East Oromia,Gimbichu,Fugni,39.08111111,8.964166667,20/08/2014,Meher-14
90,2014,Oromia,East Oromia,Gimbichu,Fugni,39.08480556,8.966416667,09/08/2014,Meher-14
91,2014,Oromia,East Oromia,Gimbichu,Fugni,39.07841667,8.96675,05/08/2014,Meher-14
92,2014,Oromia,East Oromia,Gimbichu,Fugni,39.09002778,8.986361111,16/08/2014,Meher-14
93,2014,Oromia,East Oromia,Gimbichu,Fugni,39.08411111,8.984555556,20/08/2014,Meher-14
94,2014,Oromia,East Oromia,Gimbichu,Fugni,39.06997222,8.974972222,13/08/2014,Meher-14
95,2014,Oromia,East Oromia,Gimbichu,Fugni,39.079,8.977583333,14/08/2014,Meher-14
96,2014,Oromia,East Oromia,Gimbichu,Tulu re'e,39.12436111,9.008305556,27/09/2014,Meher-14
97,2014,Oromia,East Oromia,Gimbichu,Tulu re'e,39.11133333,9.024722222,27/09/2014,Meher-14
98,2014,Oromia,East Oromia,Gimbichu,Tulu re'e,39.11913889,9.017111111,27/09/2014,Meher-14
99,2014,Oromia,East Oromia,Gimbichu,Tulu re'e,39.12375,9.002944444,27/09/2014,Meher-14
100,2014,Oromia,East Oromia,Gimbichu,Tulu re'e,39.12030556,9.014583333,27/09/2014,Meher-14
101,2014,Oromia,East Oromia,Gimbichu,Tulu re'e,39.12172222,9.006444444,27/09/2014,Meher-14
102,2014,Oromia,East Oromia,Gimbichu,Tulu re'e,39.12025,9.005555556,27/09/2014,Meher-14
104,2014,Oromia,East Oromia,Gimbichu,Tulu re'e,39.11577778,9.004222222,27/09/2014,Meher-14
105,2014,Oromia,East Oromia,Gimbichu,Tulu re'e,39.11522222,9.012805556,27/09/2014,Meher-14
106,2014,Oromia,East Oromia,Gimbichu,Tulu re'e,39.10391667,9.000666667,27/09/2014,Meher-14
107,2014,Oromia,East Oromia,Gimbichu,Tulu re'e,39.10411111,9.004611111,27/09/2014,Meher-14
108,2014,Oromia,East Oromia,Gimbichu,Tulu re'e,39.10294444,9.010083333,27/09/2014,Meher-14
109,2014,Oromia,East Oromia,Gimbichu,Adadi Sembo,39.14480556,8.987527778,05/08/2014,Meher-14
110,2014,Oromia,East Oromia,Gimbichu,Adadi Sembo,39.14275,9.013305556,18/08/2014,Meher-14
111,2014,Oromia,East Oromia,Gimbichu,Adadi Sembo,39.14028333,9.009961111,16/08/2014,Meher-14
112,2014,Oromia,East Oromia,Gimbichu,Adadi Sembo,39.13533333,8.996638889,15/08/2014,Meher-14
113,2014,Oromia,East Oromia,Gimbichu,Adadi Sembo,39.13608333,9.019388889,29/07/2014,Meher-14
114,2014,Oromia,East Oromia,Gimbichu,Adadi Sembo,39.13488889,9.019416667,15/08/2014,Meher-14
115,2014,Oromia,East Oromia,Gimbichu,Adadi Sembo,39.14338889,9.008333333,29/07/2014,Meher-14
116,2014,Oromia,East Oromia,Gimbichu,Adadi Sembo,39.13911111,9.011527778,16/08/2014,Meher-14
117,2014,Oromia,East Oromia,Gimbichu,Adadi Sembo,39.14258333,9.012,18/08/2014,Meher-14
118,2014,Oromia,East Oromia,Gimbichu,Adadi Sembo,39.14266667,9.008444444,02/08/2014,Meher-14
119,2014,Oromia,East Oromia,Gimbichu,Adadi Sembo,39.13916667,9.016611111,18/08/2014,Meher-14
120,2014,Oromia,East Oromia,Gimbichu,Adadi Sembo,39.12916667,9.009694444,22/08/2014,Meher-14
121,2014,Oromia,East Oromia,Gimbichu,Adadi Sembo,39.13472222,9.019444444,16/08/2014,Meher-14
122,2014,Oromia,East Oromia,Gimbichu,Kersa,39.12641667,9.032055556,14/08/2014,Meher-14
124,2014,Oromia,East Oromia,Gimbichu,Kersa,39.12910417,9.045572917,22/08/2014,Meher-14
125,2014,Oromia,East Oromia,Gimbichu,Kersa,39.12910417,9.045572917,22/08/2014,Meher-14
126,2014,Oromia,East Oromia,Gimbichu,Kersa,39.12910417,9.045572917,21/08/2014,Meher-14
127,2014,Oromia,East Oromia,Gimbichu,Kersa,39.12886111,9.04025,01/08/2014,Meher-14
128,2014,Oromia,East Oromia,Gimbichu,Kersa,39.13436111,9.042388889,03/08/2014,Meher-14
129,2014,Oromia,East Oromia,Gimbichu,Kersa,39.12427778,9.065833333,22/08/2014,Meher-14
130,2014,Oromia,East Oromia,Gimbichu,Kersa,39.13452778,9.032972222,24/08/2014,Meher-14
131,2014,Oromia,East Oromia,Gimbichu,Kersa,39.12294444,9.053527778,16/08/2014,Meher-14
132,2014,Oromia,East Oromia,Gimbichu,Kersa,39.12652778,9.054027778,21/08/2014,Meher-14
133,2014,Oromia,East Oromia,Gimbichu,Kersa,39.13491667,9.043527778,14/08/2014,Meher-14
134,2014,Oromia,East Oromia,Lume,Tility,39.22216667,8.745305556,22/07/2014,Meher-14
135,2014,Oromia,East Oromia,Lume,Tility,39.22483333,8.743805556,22/07/2014,Meher-14
136,2014,Oromia,East Oromia,Lume,Tility,39.22463889,8.740472222,22/07/2014,Meher-14
137,2014,Oromia,East Oromia,Lume,Tility,39.22172222,8.739361111,18/07/2014,Meher-14
138,2014,Oromia,East Oromia,Lume,Tility,39.22947222,8.749472222,22/07/2014,Meher-14
139,2014,Oromia,East Oromia,Lume,Tility,39.22405556,8.755722222,26/07/2014,Meher-14
140,2014,Oromia,East Oromia,Lume,Tility,39.22455556,8.752305556,18/07/2014,Meher-14
141,2014,Oromia,East Oromia,Lume,Tility,39.22138889,8.750555556,18/07/2014,Meher-14
143,2014,Oromia,East Oromia,Lume,Tility,39.22591667,8.747305556,24/07/2014,Meher-14
145,2014,Oromia,East Oromia,Lume,Tility,39.21075,8.737638889,22/07/2014,Meher-14
146,2014,Oromia,East Oromia,Lume,Tility,39.2225,8.753111111,21/07/2014,Meher-14
147,2014,Oromia,East Oromia,Lume,Tility,39.22163889,8.752555556,18/07/2014,Meher-14
148,2014,Oromia,North Shoa,Seadebir and Wayo,Kubeti,39.18377778,9.798666667,29/07/2014,Meher-14
149,2014,Oromia,North Shoa,Seadebir and Wayo,Kubeti,39.18561111,9.799444444,02/08/2014,Meher-14
150,2014,Oromia,North Shoa,Seadebir and Wayo,Kubeti,39.1795,9.798555556,02/08/2014,Meher-14
151,2014,Oromia,North Shoa,Seadebir and Wayo,Kubeti,39.18358333,9.801333333,01/08/2014,Meher-14
152,2014,Oromia,North Shoa,Seadebir and Wayo,Kubeti,39.18561111,9.799444444,02/08/2014,Meher-14
153,2014,Oromia,North Shoa,Seadebir and Wayo,Kubeti,39.18522222,9.798611111,15/08/2014,Meher-14
154,2014,Oromia,North Shoa,Seadebir and Wayo,Kubeti,39.18913889,9.795472222,01/08/2014,Meher-14
155,2014,Oromia,North Shoa,Seadebir and Wayo,Kubeti,39.18111111,9.801222222,07/08/2014,Meher-14
156,2014,Oromia,North Shoa,Seadebir and Wayo,Kubeti,39.17675,9.792333333,02/08/2014,Meher-14
157,2014,Oromia,North Shoa,Seadebir and Wayo,Kubeti,39.18405556,9.798666667,01/08/2014,Meher-14
158,2014,Oromia,North Shoa,Seadebir and Wayo,Kubeti,39.19888889,9.801333333,01/08/2014,Meher-14
159,2014,Oromia,North Shoa,Seadebir and Wayo,Kubeti,39.18838889,9.798083333,02/08/2014,Meher-14
161,2014,Oromia,North Shoa,Seadebir and Wayo,Kubeti,39.176,9.80025,29/07/2014,Meher-14
162,2014,Oromia,North Shoa,Seadebir and Wayo,Kubeti,39.18305556,9.799361111,02/08/2014,Meher-14
163,2014,Oromia,North Shoa,Seadebir and Wayo,Kubeti,39.18333333,9.789583333,14/08/2014,Meher-14
164,2014,Oromia,North Shoa,Seadebir and Wayo,Kubeti,39.18155556,9.799222222,29/07/2014,Meher-14
166,2014,Oromia,North Shoa,Moret and Jiru,Kusaye,39.19194444,9.893777778,31/07/2014,Meher-14
168,2014,Oromia,North Shoa,Moret and Jiru,Kusaye,39.20625,9.892555556,29/07/2014,Meher-14
169,2014,Oromia,North Shoa,Moret and Jiru,Kusaye,39.19291667,9.891111111,31/07/2014,Meher-14
170,2014,Oromia,North Shoa,Moret and Jiru,Kusaye,39.19986111,9.8955,29/07/2014,Meher-14
171,2014,Oromia,North Shoa,Moret and Jiru,Kusaye,39.20658333,9.896666667,04/08/2014,Meher-14
172,2014,Oromia,North Shoa,Moret and Jiru,Kusaye,39.19975,9.895027778,01/08/2014,Meher-14
173,2014,Oromia,North Shoa,Moret and Jiru,Kusaye,39.2105,9.896,06/08/2014,Meher-14
174,2014,Oromia,North Shoa,Moret and Jiru,Kusaye,39.19675,9.895972222,29/07/2014,Meher-14
176,2014,Oromia,North Shoa,Moret and Jiru,Kusaye,39.20213889,9.90275,01/08/2014,Meher-14
178,2014,Oromia,North Shoa,Moret and Jiru,Kusaye,39.19163889,9.894722222,29/07/2014,Meher-14
179,2014,Oromia,North Shoa,Moret and Jiru,Kusaye,39.20280556,9.896055556,29/07/2014,Meher-14
180,2014,Oromia,North Shoa,Moret and Jiru,Kusaye,39.18805556,9.895833333,27/09/2014,Meher-14
181,2014,Oromia,North Shoa,Moret and Jiru,Kusaye,39.19327778,9.894777778,01/08/2014,Meher-14
182,2014,Oromia,North Shoa,Moret and Jiru,Burtilik,39.17016667,9.874638889,04/08/2014,Meher-14
183,2014,Oromia,North Shoa,Moret and Jiru,Burtilik,39.17544444,9.8695,06/08/2014,Meher-14
186,2014,Oromia,North Shoa,Moret and Jiru,Burtilik,39.17019444,9.874694444,04/08/2014,Meher-14
187,2014,Oromia,North Shoa,Moret and Jiru,Burtilik,39.175,9.872888889,16/08/2014,Meher-14
188,2014,Oromia,North Shoa,Moret and Jiru,Burtilik,39.17722222,9.865055556,01/08/2014,Meher-14
190,2014,Oromia,North Shoa,Moret and Jiru,Burtilik,39.16722222,9.897916667,16/08/2014,Meher-14
191,2014,Oromia,North Shoa,Moret and Jiru,Burtilik,39.17405556,9.87125,04/08/2014,Meher-14
193,2014,Oromia,North Shoa,Moret and Jiru,Burtilik,39.18013889,9.862611111,01/08/2014,Meher-14
194,2014,Oromia,North Shoa,Moret and Jiru,Burtilik,39.15722222,9.896305556,01/08/2014,Meher-14
195,2014,Oromia,North Shoa,Moret and Jiru,Burtilik,39.17536111,9.868805556,01/08/2014,Meher-14
196,2014,Oromia,North Shoa,Moret and Jiru,Burtilik,39.17827778,9.871083333,01/08/2014,Meher-14
197,2014,Oromia,North Shoa,Moret and Jiru,Burtilik,39.17483333,9.866111111,01/08/2014,Meher-14
198,2014,Oromia,North Shoa,Moret and Jiru,Burtilik,39.17538889,9.868638889,01/08/2014,Meher-14
199,2014,Oromia,North Shoa,Moret and Jiru,Mangodo,39.1865,9.858583333,18/07/2014,Meher-14
201,2014,Oromia,North Shoa,Moret and Jiru,Mangodo,39.18744444,9.857944444,29/07/2014,Meher-14
202,2014,Oromia,North Shoa,Moret and Jiru,Mangodo,39.19505556,9.864888889,02/08/2014,Meher-14
204,2014,Oromia,North Shoa,Moret and Jiru,Mangodo,39.18925,9.857833333,05/08/2014,Meher-14
207,2014,Oromia,North Shoa,Moret and Jiru,Mangodo,39.18969444,9.8575,02/07/2014,Meher-14
209,2014,Oromia,North Shoa,Moret and Jiru,Mangodo,39.19063889,9.856416667,05/08/2014,Meher-14
211,2014,Oromia,North Shoa,Moret and Jiru,Mangodo,39.19133333,9.856305556,05/08/2014,Meher-14
212,2014,Oromia,North Shoa,Moret and Jiru,Mangodo,39.19033333,9.856944444,29/07/2014,Meher-14
215,2014,Oromia,North Shoa,Seadebir and Wayo,Wole,39.19044444,9.780333333,07/08/2014,Meher-14
216,2014,Oromia,North Shoa,Seadebir and Wayo,Wole,39.18988889,9.778638889,07/08/2014,Meher-14
217,2014,Oromia,North Shoa,Seadebir and Wayo,Wole,39.19077778,9.773888889,25/07/2014,Meher-14
218,2014,Oromia,North Shoa,Seadebir and Wayo,Wole,39.19366667,9.782805556,05/08/2014,Meher-14
219,2014,Oromia,North Shoa,Seadebir and Wayo,Wole,39.19488889,9.771833333,08/08/2014,Meher-14
220,2014,Oromia,North Shoa,Seadebir and Wayo,Wole,39.19025,9.781361111,05/08/2014,Meher-14
221,2014,Oromia,North Shoa,Seadebir and Wayo,Wole,39.19388889,9.786333333,05/08/2014,Meher-14
222,2014,Oromia,North Shoa,Seadebir and Wayo,Wole,39.19366667,9.787416667,02/08/2014,Meher-14
223,2014,Oromia,North Shoa,Seadebir and Wayo,Wole,39.19102778,9.779694444,30/07/2014,Meher-14
224,2014,Oromia,North Shoa,Seadebir and Wayo,Wole,39.19630556,9.778944444,07/08/2014,Meher-14
225,2014,Oromia,North Shoa,Seadebir and Wayo,Wole,39.19280556,9.78,30/07/2014,Meher-14
226,2014,Oromia,North Shoa,Seadebir and Wayo,Wole,39.19122222,9.773,05/08/2014,Meher-14
227,2014,Oromia,North Shoa,Seadebir and Wayo,Wole,39.19130556,9.781833333,08/08/2014,Meher-14
228,2014,Oromia,North Shoa,Seadebir and Wayo,Wole,39.19116667,9.785666667,08/08/2014,Meher-14
229,2014,Oromia,North Shoa,Seadebir and Wayo,Wole,39.19075,9.784833333,02/08/2014,Meher-14
230,2014,Oromia,North Shoa,Seadebir and Wayo,Wole,39.18847222,9.780583333,02/08/2014,Meher-14
231,2014,Oromia,North Shoa,Seadebir and Wayo,Dire,39.12475,9.781666667,24/07/2014,Meher-14
232,2014,Oromia,North Shoa,Seadebir and Wayo,Dire,39.13955556,9.778222222,29/07/2014,Meher-14
234,2014,Oromia,North Shoa,Seadebir and Wayo,Dire,39.14186808,9.808288153,27/09/2014,Meher-14
235,2014,Oromia,North Shoa,Seadebir and Wayo,Dire,39.12508333,9.783833333,25/07/2014,Meher-14
238,2014,Oromia,North Shoa,Seadebir and Wayo,Dire,39.12269444,9.783055556,06/08/2014,Meher-14
239,2014,Oromia,North Shoa,Seadebir and Wayo,Dire,39.13361111,9.784722222,04/08/2014,Meher-14
241,2014,Oromia,North Shoa,Seadebir and Wayo,Dire,39.12344444,9.78175,25/07/2014,Meher-14
243,2014,Oromia,North Shoa,Seadebir and Wayo,Dire,39.12602778,9.763972222,29/07/2014,Meher-14
247,2014,Oromia,North Shoa,Seadebir and Wayo,Dire,39.14186808,9.808288153,27/09/2014,Meher-14
250,2014,Oromia,North Shoa,Moret and Jiru,Kosiamba,39.23972222,10.00297222,01/08/2014,Meher-14
251,2014,Oromia,North Shoa,Moret and Jiru,Kosiamba,39.24097222,10.00722222,27/07/2014,Meher-14
252,2014,Oromia,North Shoa,Moret and Jiru,Kosiamba,39.23366667,10.01605556,01/07/2014,Meher-14
253,2014,Oromia,North Shoa,Moret and Jiru,Kosiamba,39.24063889,10.01622222,31/07/2014,Meher-14
254,2014,Oromia,North Shoa,Moret and Jiru,Kosiamba,39.2475,10.01041667,29/07/2014,Meher-14
255,2014,Oromia,North Shoa,Moret and Jiru,Kosiamba,39.24163889,10.00861111,03/08/2014,Meher-14
256,2014,Oromia,North Shoa,Moret and Jiru,Kosiamba,39.23991667,9.995333333,03/08/2014,Meher-14
258,2014,Oromia,North Shoa,Moret and Jiru,Kosiamba,39.24519444,10.00938889,27/07/2014,Meher-14
259,2014,Oromia,North Shoa,Moret and Jiru,Kosiamba,39.24216667,10.01747222,04/10/2014,Meher-14
260,2014,Oromia,North Shoa,Moret and Jiru,Kosiamba,39.23966667,10.00722222,29/07/2014,Meher-14
261,2014,Oromia,North Shoa,Moret and Jiru,Kosiamba,39.23991667,9.995333333,31/07/2014,Meher-14
262,2014,Oromia,North Shoa,Moret and Jiru,Kosiamba,39.23655556,10.00902778,31/07/2014,Meher-14
263,2014,Oromia,North Shoa,Moret and Jiru,Kosiamba,39.24188889,10.01586111,31/07/2014,Meher-14
264,2014,Oromia,North Shoa,Moret and Jiru,Kosiamba,39.23977778,10.00908333,04/08/2014,Meher-14
265,2014,Oromia,North Shoa,Moret and Jiru,Weyn amba,39.21547222,9.935805556,29/07/2014,Meher-14
266,2014,Oromia,North Shoa,Moret and Jiru,Weyn amba,39.20341667,9.93925,29/07/2014,Meher-14
267,2014,Oromia,North Shoa,Moret and Jiru,Weyn amba,39.20683333,9.939305556,01/08/2014,Meher-14
269,2014,Oromia,North Shoa,Moret and Jiru,Weyn amba,39.21077778,9.940527778,29/07/2014,Meher-14
270,2014,Oromia,North Shoa,Moret and Jiru,Weyn amba,39.20772222,9.940527778,28/07/2014,Meher-14
271,2014,Oromia,North Shoa,Moret and Jiru,Weyn amba,39.21111111,9.937916667,28/07/2014,Meher-14
272,2014,Oromia,North Shoa,Moret and Jiru,Weyn amba,39.20955556,9.941416667,29/07/2014,Meher-14
273,2014,Oromia,North Shoa,Moret and Jiru,Weyn amba,39.21547222,9.935916667,01/08/2014,Meher-14
274,2014,Oromia,North Shoa,Moret and Jiru,Weyn amba,39.20380556,9.93775,29/07/2014,Meher-14
275,2014,Oromia,North Shoa,Moret and Jiru,Weyn amba,39.20411111,9.939833333,01/08/2014,Meher-14
276,2014,Oromia,North Shoa,Moret and Jiru,Weyn amba,39.20325,9.939027778,29/07/2014,Meher-14
277,2014,Oromia,North Shoa,Moret and Jiru,Weyn amba,39.20608333,9.939222222,29/07/2014,Meher-14
278,2014,Oromia,North Shoa,Moret and Jiru,Weyn amba,39.21544444,9.936333333,01/08/2014,Meher-14
280,2014,Oromia,North Shoa,Moret and Jiru,Weyn amba,39.20605556,9.941416667,29/07/2014,Meher-14
281,2014,Oromia,North Shoa,Moret and Jiru,Weyn amba,39.20397222,9.944638889,28/07/2014,Meher-14
283,2014,Oromia,North Shoa,Moret and Jiru,Bolo,39.19008333,9.930583333,29/07/2014,Meher-14
284,2014,Oromia,North Shoa,Moret and Jiru,Bolo,39.18844444,9.930055556,02/08/2014,Meher-14
285,2014,Oromia,North Shoa,Moret and Jiru,Bolo,39.17480556,9.917916667,29/07/2014,Meher-14
300,2015,Oromia,East Oromia,Gimbichu,Adadi Sembo,39.13997222,9.002027778,01/08/2015,Meher-15
301,2015,Oromia,East Oromia,Gimbichu,Adadi Sembo,39.14427778,9.0115,01/08/2015,Meher-15
302,2015,Oromia,East Oromia,Gimbichu,Adadi Sembo,39.13705556,9.019111111,01/08/2015,Meher-15
303,2015,Oromia,East Oromia,Gimbichu,Adadi Sembo,39.14875,9.010222222,01/08/2015,Meher-15
304,2015,Oromia,East Oromia,Gimbichu,Adadi Sembo,39.13991667,9.014416667,01/08/2015,Meher-15
306,2015,Oromia,East Oromia,Gimbichu,Adadi Sembo,39.13769444,9.0035,01/08/2015,Meher-15
307,2015,Oromia,East Oromia,Gimbichu,Adadi Sembo,39.1375,9.016166667,01/08/2015,Meher-15
309,2015,Oromia,East Oromia,Gimbichu,Adadi Sembo,39.14911111,9.008638889,01/08/2015,Meher-15
310,2015,Oromia,East Oromia,Gimbichu,Adadi Sembo,39.14844444,9.009583333,01/08/2015,Meher-15
311,2015,Oromia,East Oromia,Gimbichu,Adadi Sembo,39.14247222,9.001833333,01/08/2015,Meher-15
313,2015,Oromia,East Oromia,Gimbichu,Adadi Sembo,39.13711111,9.014694444,01/08/2015,Meher-15
315,2015,Oromia,East Oromia,Gimbichu,Adadi Sembo,39.13975,9.003055556,01/08/2015,Meher-15
316,2015,Oromia,East Oromia,Lume,Danse Shambure,39.23772222,8.737833333,01/08/2015,Meher-15
317,2015,Oromia,East Oromia,Lume,Danse Shambure,39.23923611,8.72925,01/08/2015,Meher-15
318,2015,Oromia,East Oromia,Lume,Danse Shambure,39.24036111,8.730194444,01/08/2015,Meher-15
319,2015,Oromia,East Oromia,Lume,Danse Shambure,39.23419444,8.726777778,01/08/2015,Meher-15
320,2015,Oromia,East Oromia,Lume,Danse Shambure,39.23852778,8.729361111,01/08/2015,Meher-15
321,2015,Oromia,East Oromia,Lume,Danse Shambure,39.24269444,8.732444444,01/08/2015,Meher-15
322,2015,Oromia,East Oromia,Lume,Danse Shambure,39.23597222,8.730333333,01/08/2015,Meher-15
324,2015,Oromia,East Oromia,Lume,Danse Shambure,39.23661111,8.73725,01/08/2015,Meher-15
325,2015,Oromia,East Oromia,Lume,Danse Shambure,39.23794444,8.735055556,01/08/2015,Meher-15
326,2015,Oromia,East Oromia,Lume,Danse Shambure,39.23463889,8.735083333,01/08/2015,Meher-15
328,2015,Oromia,East Oromia,Lume,Danse Shambure,39.23975,8.733833333,01/08/2015,Meher-15
329,2015,Oromia,East Oromia,Lume,Danse Shambure,39.24052778,8.731083333,01/08/2015,Meher-15
330,2015,Oromia,East Oromia,Lume,Danse Shambure,39.23880556,8.730777778,01/08/2015,Meher-15
332,2015,Oromia,East Oromia,Lume,Ejere Finchawa,39.22247222,8.784194444,01/08/2015,Meher-15
333,2015,Oromia,East Oromia,Lume,Ejere Finchawa,39.23869444,8.788916667,01/08/2015,Meher-15
334,2015,Oromia,East Oromia,Lume,Ejere Finchawa,39.24280556,8.784361111,01/08/2015,Meher-15
335,2015,Oromia,East Oromia,Lume,Ejere Finchawa,39.23536111,8.784166667,01/08/2015,Meher-15
336,2015,Oromia,East Oromia,Lume,Ejere Finchawa,39.24252778,8.784527778,01/08/2015,Meher-15
337,2015,Oromia,East Oromia,Lume,Ejere Finchawa,39.24336111,8.784166667,01/08/2015,Meher-15
338,2015,Oromia,East Oromia,Lume,Ejere Finchawa,39.23741667,8.786888889,01/08/2015,Meher-15
339,2015,Oromia,East Oromia,Lume,Ejere Finchawa,39.22747222,8.784888889,01/08/2015,Meher-15
340,2015,Oromia,East Oromia,Lume,Ejere Finchawa,39.22908333,8.785777778,01/08/2015,Meher-15
341,2015,Oromia,East Oromia,Lume,Ejere Finchawa,39.24488889,8.785277778,01/08/2015,Meher-15
342,2015,Oromia,East Oromia,Lume,Ejere Finchawa,39.23536111,8.787166667,01/08/2015,Meher-15
343,2015,Oromia,East Oromia,Lume,Ejere Finchawa,39.23036111,8.781944444,01/08/2015,Meher-15
344,2015,Oromia,East Oromia,Lume,Ejere Finchawa,39.23658333,8.788638889,01/08/2015,Meher-15
345,2015,Oromia,East Oromia,Lume,Ejere Finchawa,39.23716667,8.789277778,01/08/2015,Meher-15
346,2015,Oromia,East Oromia,Gimbichu,Fugni,39.078,8.982894444,01/08/2015,Meher-15
347,2015,Oromia,East Oromia,Gimbichu,Fugni,39.08241667,8.973472222,01/08/2015,Meher-15
348,2015,Oromia,East Oromia,Gimbichu,Fugni,39.08561111,8.970139976,01/08/2015,Meher-15
349,2015,Oromia,East Oromia,Gimbichu,Fugni,39.08586111,8.962833333,01/08/2015,Meher-15
350,2015,Oromia,East Oromia,Gimbichu,Fugni,39.08736111,8.962777778,01/08/2015,Meher-15
351,2015,Oromia,East Oromia,Gimbichu,Fugni,39.09488889,8.969194444,01/08/2015,Meher-15
352,2015,Oromia,East Oromia,Gimbichu,Fugni,39.09066667,8.966361111,01/08/2015,Meher-15
354,2015,Oromia,East Oromia,Gimbichu,Fugni,39.08952778,8.966166667,01/08/2015,Meher-15
355,2015,Oromia,East Oromia,Gimbichu,Fugni,39.08294444,8.966888889,01/08/2015,Meher-15
356,2015,Oromia,East Oromia,Gimbichu,Fugni,39.06733333,8.966722222,01/08/2015,Meher-15
357,2015,Oromia,East Oromia,Gimbichu,Fugni,39.08016667,8.974722222,01/08/2015,Meher-15
358,2015,Oromia,East Oromia,Gimbichu,Fugni,39.07761111,8.978194444,01/08/2015,Meher-15
359,2015,Oromia,East Oromia,Gimbichu,Fugni,39.08930556,8.973111111,01/08/2015,Meher-15
360,2015,Oromia,East Oromia,Gimbichu,Fugni,39.07669444,8.969444444,01/08/2015,Meher-15
361,2015,Oromia,East Oromia,Gimbichu,Fugni,39.07938889,8.977361111,01/08/2015,Meher-15
363,2015,Oromia,East Oromia,Gimbichu,Girmi,39.18788889,8.941833333,01/08/2015,Meher-15
364,2015,Oromia,East Oromia,Gimbichu,Girmi,39.17819444,8.951277778,01/08/2015,Meher-15
365,2015,Oromia,East Oromia,Gimbichu,Girmi,39.17519444,8.949916667,01/08/2015,Meher-15
366,2015,Oromia,East Oromia,Gimbichu,Girmi,39.17533333,8.947972222,01/08/2015,Meher-15
367,2015,Oromia,East Oromia,Gimbichu,Girmi,39.17952778,8.949222222,01/08/2015,Meher-15
368,2015,Oromia,East Oromia,Gimbichu,Girmi,39.18033333,8.963638889,01/08/2015,Meher-15
369,2015,Oromia,East Oromia,Gimbichu,Girmi,39.17680556,8.964583333,01/08/2015,Meher-15
370,2015,Oromia,East Oromia,Gimbichu,Girmi,39.17611111,8.964888889,01/08/2015,Meher-15
371,2015,Oromia,East Oromia,Gimbichu,Girmi,39.16563889,8.959222222,01/08/2015,Meher-15
372,2015,Oromia,East Oromia,Gimbichu,Girmi,39.18936111,8.940722222,01/08/2015,Meher-15
373,2015,Oromia,East Oromia,Gimbichu,Girmi,39.18566667,8.94325,01/08/2015,Meher-15
374,2015,Oromia,East Oromia,Gimbichu,Girmi,39.18491667,8.940944444,01/08/2015,Meher-15
375,2015,Oromia,East Oromia,Gimbichu,Girmi,39.18391667,8.941444444,01/08/2015,Meher-15
376,2015,Oromia,East Oromia,Gimbichu,Girmi,39.18886111,8.944194444,01/08/2015,Meher-15
378,2015,Oromia,East Oromia,Gimbichu,Girmi,39.18263889,8.949138889,01/08/2015,Meher-15
379,2015,Oromia,East Oromia,Gimbichu,Girmi,39.17925,8.951583333,01/08/2015,Meher-15
380,2015,Oromia,East Oromia,Gimbichu,Habru meti,39.09416667,8.947027778,01/08/2015,Meher-15
381,2015,Oromia,East Oromia,Gimbichu,Habru meti,39.09655556,8.954,01/08/2015,Meher-15
382,2015,Oromia,East Oromia,Gimbichu,Habru meti,39.08352778,8.944555556,01/08/2015,Meher-15
383,2015,Oromia,East Oromia,Gimbichu,Habru meti,39.093,8.947305556,01/08/2015,Meher-15
384,2015,Oromia,East Oromia,Gimbichu,Habru meti,39.09905556,8.952472222,01/08/2015,Meher-15
385,2015,Oromia,East Oromia,Gimbichu,Habru meti,39.08386111,8.948305556,01/08/2015,Meher-15
386,2015,Oromia,East Oromia,Gimbichu,Habru meti,39.09858333,8.949833333,01/08/2015,Meher-15
387,2015,Oromia,East Oromia,Gimbichu,Habru meti,39.08511111,8.938194444,01/08/2015,Meher-15
389,2015,Oromia,East Oromia,Gimbichu,Habru meti,39.09866667,8.952138889,01/08/2015,Meher-15
390,2015,Oromia,East Oromia,Gimbichu,Habru meti,39.09069444,8.948638889,01/08/2015,Meher-15
391,2015,Oromia,East Oromia,Gimbichu,Habru meti,39.09463889,8.946305556,01/08/2015,Meher-15
392,2015,Oromia,East Oromia,Gimbichu,Habru meti,39.09386111,8.946416667,01/08/2015,Meher-15
393,2014,Oromia,East Oromia,Gimbichu,Habru meti,39.09236111,8.948444444,29/07/2014,Meher-14
394,2015,Oromia,East Oromia,Gimbichu,Habru meti,39.09247222,8.947305556,01/08/2015,Meher-15
395,2015,Oromia,East Oromia,Gimbichu,Habru meti,39.09708333,8.9485,01/08/2015,Meher-15
396,2015,Oromia,East Oromia,Gimbichu,Habru meti,39.08797222,8.945972222,01/08/2015,Meher-15
397,2015,Oromia,East Oromia,Gimbichu,Kersa,39.12910417,9.045572917,29/07/2015,Meher-15
398,2015,Oromia,East Oromia,Gimbichu,Kersa,39.12910417,9.045572917,29/07/2015,Meher-15
399,2015,Oromia,East Oromia,Gimbichu,Kersa,39.12910417,9.045572917,29/07/2015,Meher-15
400,2015,Oromia,East Oromia,Gimbichu,Kersa,39.12910417,9.045572917,29/07/2015,Meher-15
401,2015,Oromia,East Oromia,Gimbichu,Kersa,39.12910417,9.045572917,29/07/2015,Meher-15
402,2015,Oromia,East Oromia,Gimbichu,Kersa,39.12910417,9.045572917,29/07/2015,Meher-15
403,2015,Oromia,East Oromia,Gimbichu,Kersa,39.12910417,9.045572917,29/07/2015,Meher-15
404,2015,Oromia,East Oromia,Gimbichu,Kersa,39.12910417,9.045572917,29/07/2015,Meher-15
405,2015,Oromia,East Oromia,Gimbichu,Kersa,39.12910417,9.045572917,29/07/2015,Meher-15
406,2015,Oromia,East Oromia,Gimbichu,Kersa,39.12910417,9.045572917,29/07/2015,Meher-15
407,2015,Oromia,East Oromia,Gimbichu,Kersa,39.12910417,9.045572917,29/07/2015,Meher-15
408,2015,Oromia,East Oromia,Gimbichu,Kersa,39.12910417,9.045572917,29/07/2015,Meher-15
409,2015,Oromia,East Oromia,Gimbichu,Kersa,39.12910417,9.045572917,29/07/2015,Meher-15
410,2015,Oromia,East Oromia,Gimbichu,Kersa,39.12910417,9.045572917,01/08/2015,Meher-15
411,2015,Oromia,East Oromia,Gimbichu,Kersa,39.12910417,9.045572917,29/07/2015,Meher-15
412,2015,Oromia,East Oromia,Gimbichu,Kersa,39.12910417,9.045572917,29/07/2015,Meher-15
413,2015,Oromia,East Oromia,Gimbichu,Kersa,39.12910417,9.045572917,29/07/2015,Meher-15
414,2015,Oromia,East Oromia,Gimbichu,Koka,39.18208333,9.052638889,01/08/2015,Meher-15
415,2015,Oromia,East Oromia,Gimbichu,Koka,39.17819444,9.060972222,01/08/2015,Meher-15
416,2015,Oromia,East Oromia,Gimbichu,Koka,39.17358333,9.055472222,01/08/2015,Meher-15
417,2015,Oromia,East Oromia,Gimbichu,Koka,39.17186111,9.055472222,01/08/2015,Meher-15
418,2015,Oromia,East Oromia,Gimbichu,Koka,39.16752778,9.050472222,01/08/2015,Meher-15
420,2015,Oromia,East Oromia,Gimbichu,Koka,39.17738889,9.042555556,01/08/2015,Meher-15
421,2015,Oromia,East Oromia,Gimbichu,Koka,39.17916667,9.043722222,01/08/2015,Meher-15
422,2015,Oromia,East Oromia,Gimbichu,Koka,39.18088889,9.053277778,01/08/2015,Meher-15
423,2015,Oromia,East Oromia,Gimbichu,Koka,39.16680556,9.056833333,01/08/2015,Meher-15
425,2015,Oromia,East Oromia,Gimbichu,Koka,39.17269444,9.053138889,01/08/2015,Meher-15
426,2015,Oromia,East Oromia,Gimbichu,Koka,39.17597222,9.057916667,01/08/2015,Meher-15
427,2015,Oromia,East Oromia,Gimbichu,Koka,39.18177778,9.050222222,01/08/2015,Meher-15
428,2015,Oromia,East Oromia,Gimbichu,Koka,39.17991667,9.061111111,01/08/2015,Meher-15
429,2015,Oromia,East Oromia,Gimbichu,Koka,39.1815,9.062277778,01/08/2015,Meher-15
430,2015,Oromia,East Oromia,Gimbichu,Koka,39.17955556,9.043083333,01/08/2015,Meher-15
431,2015,Oromia,East Oromia,Lume,Nanawa,39.24916667,8.755638889,01/08/2015,Meher-15
432,2015,Oromia,East Oromia,Lume,Nanawa,39.25205556,8.767416667,01/08/2015,Meher-15
433,2015,Oromia,East Oromia,Lume,Nanawa,39.25180556,8.762388889,01/08/2015,Meher-15
434,2015,Oromia,East Oromia,Lume,Nanawa,39.23872222,8.755833333,01/08/2015,Meher-15
435,2015,Oromia,East Oromia,Lume,Nanawa,39.24997222,8.762777778,01/08/2015,Meher-15
436,2015,Oromia,East Oromia,Lume,Nanawa,39.24011111,8.773722222,01/08/2015,Meher-15
437,2015,Oromia,East Oromia,Lume,Nanawa,39.24733333,8.761972222,01/08/2015,Meher-15
438,2015,Oromia,East Oromia,Lume,Nanawa,39.23583333,8.755555556,01/08/2015,Meher-15
439,2015,Oromia,East Oromia,Lume,Nanawa,39.23491667,8.758027778,01/08/2015,Meher-15
440,2015,Oromia,East Oromia,Lume,Nanawa,39.24819444,8.756694444,01/08/2015,Meher-15
441,2015,Oromia,East Oromia,Lume,Nanawa,39.25347222,8.768194444,01/08/2015,Meher-15
442,2015,Oromia,East Oromia,Lume,Nanawa,39.25302778,8.767611111,01/08/2015,Meher-15
443,2015,Oromia,East Oromia,Lume,Nanawa,39.25741667,8.773638889,01/08/2015,Meher-15
444,2015,Oromia,East Oromia,Lume,Nanawa,39.24733333,8.773388889,01/08/2015,Meher-15
446,2015,Oromia,East Oromia,Lume,Tility,39.22280324,8.747300926,01/08/2015,Meher-15
447,2015,Oromia,East Oromia,Lume,Tility,39.22280324,8.747300926,01/08/2015,Meher-15
448,2015,Oromia,East Oromia,Lume,Tility,39.22280324,8.747300926,01/08/2015,Meher-15
449,2015,Oromia,East Oromia,Lume,Tility,39.22280324,8.747300926,01/08/2015,Meher-15
450,2015,Oromia,East Oromia,Lume,Tility,39.22280324,8.747300926,01/08/2015,Meher-15
451,2015,Oromia,East Oromia,Lume,Tility,39.22280324,8.747300926,01/08/2015,Meher-15
452,2015,Oromia,East Oromia,Lume,Tility,39.22280324,8.747300926,01/08/2015,Meher-15
453,2015,Oromia,East Oromia,Lume,Tility,39.22280324,8.747300926,01/08/2015,Meher-15
454,2015,Oromia,East Oromia,Lume,Tility,39.22280324,8.747300926,01/08/2015,Meher-15
455,2015,Oromia,East Oromia,Lume,Tility,39.22280324,8.747300926,01/08/2015,Meher-15
456,2015,Oromia,East Oromia,Lume,Tility,39.22280324,8.747300926,01/08/2015,Meher-15
457,2015,Oromia,East Oromia,Lume,Tility,39.22280324,8.747300926,01/08/2015,Meher-15
458,2015,Oromia,East Oromia,Lume,Tility,39.22280324,8.747300926,01/08/2015,Meher-15
459,2015,Oromia,East Oromia,Lume,Tility,39.22280324,8.747300926,01/08/2015,Meher-15
460,2015,Oromia,East Oromia,Lume,Tility,39.22280324,8.747300926,01/08/2015,Meher-15
461,2015,Oromia,East Oromia,Gimbichu,Tulu re'e,39.11523611,9.009337963,29/07/2015,Meher-15
462,2015,Oromia,East Oromia,Gimbichu,Tulu re'e,39.11523611,9.009337963,29/07/2015,Meher-15
463,2015,Oromia,East Oromia,Gimbichu,Tulu re'e,39.11523611,9.009337963,29/07/2015,Meher-15
464,2015,Oromia,East Oromia,Gimbichu,Tulu re'e,39.11523611,9.009337963,29/07/2015,Meher-15
465,2015,Oromia,East Oromia,Gimbichu,Tulu re'e,39.11523611,9.009337963,29/07/2015,Meher-15
466,2015,Oromia,East Oromia,Gimbichu,Tulu re'e,39.11523611,9.009337963,29/07/2015,Meher-15
467,2015,Oromia,East Oromia,Gimbichu,Tulu re'e,39.11523611,9.009337963,29/07/2015,Meher-15
468,2015,Oromia,East Oromia,Gimbichu,Tulu re'e,39.11523611,9.009337963,29/07/2015,Meher-15
469,2015,Oromia,East Oromia,Gimbichu,Tulu re'e,39.11523611,9.009337963,29/07/2015,Meher-15
470,2015,Oromia,East Oromia,Gimbichu,Tulu re'e,39.11523611,9.009337963,29/07/2015,Meher-15
471,2015,Oromia,East Oromia,Gimbichu,Tulu re'e,39.11523611,9.009337963,29/07/2015,Meher-15
472,2015,Oromia,East Oromia,Gimbichu,Tulu re'e,39.11523611,9.009337963,29/07/2015,Meher-15
473,2015,Oromia,East Oromia,Gimbichu,Tulu re'e,39.11523611,9.009337963,29/07/2015,Meher-15
474,2015,Oromia,East Oromia,Gimbichu,Tulu re'e,39.11523611,9.009337963,29/07/2015,Meher-15
475,2015,Oromia,East Oromia,Gimbichu,Tulu re'e,39.11523611,9.009337963,29/07/2015,Meher-15
476,2015,Tigray,NA,M/selassie,Hoseya,39.13,13.66277778,01/08/2015,Meher-15
477,2015,Tigray,NA,M/selassie,Hoseya,39.13,13.66277778,01/08/2015,Meher-15
478,2015,Tigray,NA,M/selassie,Hoseya,39.13,13.66277778,01/08/2015,Meher-15
479,2015,Tigray,NA,M/selassie,Hoseya,39.13,13.66277778,01/08/2015,Meher-15
480,2015,Tigray,NA,M/selassie,Hoseya,39.13,13.66277778,01/08/2015,Meher-15
481,2015,Tigray,NA,M/selassie,Hoseya,39.13,13.66277778,01/08/2015,Meher-15
482,2015,Tigray,NA,M/selassie,Hoseya,39.13,13.66277778,01/08/2015,Meher-15
483,2015,Tigray,NA,M/selassie,Hoseya,39.13,13.66277778,01/08/2015,Meher-15
484,2015,Tigray,NA,M/selassie,Hoseya,39.13,13.66277778,01/08/2015,Meher-15
485,2015,Tigray,NA,M/selassie,Hoseya,39.13,13.66277778,01/08/2015,Meher-15
486,2015,Tigray,NA,M/selassie,Hoseya,39.13,13.66277778,01/08/2015,Meher-15
487,2015,Tigray,NA,M/selassie,Hoseya,39.13,13.66277778,01/08/2015,Meher-15
488,2015,Tigray,NA,M/selassie,Hoseya,39.13,13.66277778,01/08/2015,Meher-15
489,2015,Tigray,NA,M/selassie,Hoseya,39.13,13.66277778,01/08/2015,Meher-15
490,2015,Tigray,NA,M/selassie,Hoseya,39.13,13.66277778,01/08/2015,Meher-15
491,2015,Tigray,NA,M/selassie,Hoseya,39.13,13.66277778,01/08/2015,Meher-15
492,2015,Tigray,NA,M/selassie,Hoseya,39.13,13.66277778,01/08/2015,Meher-15
493,2015,Tigray,NA,M/selassie,Guderbo,39.13,13.66277778,01/08/2015,Meher-15
494,2015,Tigray,NA,M/selassie,Guderbo,39.13,13.66277778,01/08/2015,Meher-15
495,2015,Tigray,NA,M/selassie,Guderbo,39.13,13.66277778,01/08/2015,Meher-15
496,2015,Tigray,NA,M/selassie,Guderbo,39.13,13.66277778,01/08/2015,Meher-15
497,2015,Tigray,NA,M/selassie,Guderbo,39.13,13.66277778,01/08/2015,Meher-15
498,2015,Tigray,NA,M/selassie,Guderbo,39.13,13.66277778,01/08/2015,Meher-15
499,2015,Tigray,NA,M/selassie,Guderbo,39.13,13.66277778,01/08/2015,Meher-15
500,2015,Tigray,NA,M/selassie,Guderbo,39.13,13.66277778,01/08/2015,Meher-15
501,2015,Tigray,NA,M/selassie,Guderbo,39.13,13.66277778,01/08/2015,Meher-15
502,2015,Tigray,NA,M/selassie,Guderbo,39.13,13.66277778,01/08/2015,Meher-15
503,2015,Tigray,NA,M/selassie,Guderbo,39.13,13.66277778,01/08/2015,Meher-15
504,2015,Tigray,NA,M/selassie,Guderbo,39.13,13.66277778,01/08/2015,Meher-15
505,2015,Tigray,NA,M/selassie,Guderbo,39.13,13.66277778,01/08/2015,Meher-15
506,2015,Tigray,NA,M/selassie,Guderbo,39.13,13.66277778,01/08/2015,Meher-15
507,2015,Tigray,NA,M/selassie,Guderbo,39.13,13.66277778,01/08/2015,Meher-15
508,2015,Tigray,NA,Melfa_Bowak,Melfa,39.12444444,13.65111111,01/08/2015,Meher-15
509,2015,Tigray,NA,Melfa_Bowak,Melfa,39.12444444,13.65111111,01/08/2015,Meher-15
510,2015,Tigray,NA,Melfa_Bowak,Melfa,39.12444444,13.65111111,01/08/2015,Meher-15
511,2015,Tigray,NA,Melfa_Bowak,Melfa,39.12444444,13.65111111,01/08/2015,Meher-15
512,2015,Tigray,NA,Melfa_Bowak,Melfa,39.12444444,13.65111111,01/08/2015,Meher-15
513,2015,Tigray,NA,Melfa_Bowak,Melfa,39.12444444,13.65111111,01/08/2015,Meher-15
514,2015,Tigray,NA,Melfa_Bowak,Melfa,39.12444444,13.65111111,01/08/2015,Meher-15
515,2015,Tigray,NA,Melfa_Bowak,Melfa,39.12444444,13.65111111,01/08/2015,Meher-15
516,2015,Tigray,NA,Melfa_Bowak,Melfa,39.12444444,13.65111111,01/08/2015,Meher-15
517,2015,Tigray,NA,Melfa_Bowak,Melfa,39.12444444,13.65111111,01/08/2015,Meher-15
518,2015,Tigray,NA,Melfa_Bowak,Melfa,39.12444444,13.65111111,01/08/2015,Meher-15
519,2015,Tigray,NA,Melfa_Bowak,Melfa,39.12444444,13.65111111,01/08/2015,Meher-15
520,2015,Tigray,NA,Melfa_Bowak,Melfa,39.12444444,13.65111111,01/08/2015,Meher-15
521,2015,Tigray,NA,Melfa_Bowak,Melfa,39.12444444,13.65111111,01/08/2015,Meher-15
522,2015,Tigray,NA,Melfa_Bowak,Melfa,39.12444444,13.65111111,01/08/2015,Meher-15
523,2015,Tigray,NA,Melfa_Bowak,Melfa,39.12444444,13.65111111,01/08/2015,Meher-15
524,2015,Tigray,NA,Melfa_Bowak,Melfa,39.12444444,13.65111111,01/08/2015,Meher-15
526,2015,Tigray,NA,Melfa_Bowak,Melfa,39.12444444,13.65111111,01/08/2015,Meher-15
527,2015,Tigray,NA,Melfa_Bowak,Bowak,39.14,13.64611111,01/08/2015,Meher-15
528,2015,Tigray,NA,Melfa_Bowak,Bowak,39.14,13.64611111,01/08/2015,Meher-15
530,2015,Tigray,NA,Melfa_Bowak,Bowak,39.14,13.64611111,01/08/2015,Meher-15
531,2015,Tigray,NA,Melfa_Bowak,Bowak,39.14,13.64611111,01/08/2015,Meher-15
532,2015,Tigray,NA,Melfa_Bowak,Bowak,39.14,13.64611111,01/08/2015,Meher-15
534,2015,Tigray,NA,Melfa_Bowak,Bowak,39.14,13.64611111,01/08/2015,Meher-15
535,2015,Tigray,NA,Melfa_Bowak,Bowak,39.14,13.64611111,01/08/2015,Meher-15
536,2015,Tigray,NA,Melfa_Bowak,Bowak,39.14,13.64611111,01/08/2015,Meher-15
537,2015,Tigray,NA,Melfa_Bowak,Bowak,39.14,13.64611111,01/08/2015,Meher-15
538,2015,Tigray,NA,Melfa_Bowak,Bowak,39.14,13.64611111,01/08/2015,Meher-15
539,2015,Tigray,NA,Melfa_Bowak,Bowak,39.14,13.64611111,01/08/2015,Meher-15
540,2015,Tigray,NA,Melfa_Bowak,Bowak,39.14,13.64611111,01/08/2015,Meher-15
541,2015,Tigray,NA,Melfa_Bowak,Bowak,39.14,13.64611111,01/08/2015,Meher-15
542,2015,Tigray,NA,Melfa_Bowak,Bowak,39.14,13.64611111,01/08/2015,Meher-15
543,2015,Tigray,NA,Melfa_Bowak,Bowak,39.14,13.64611111,01/08/2015,Meher-15
544,2015,Tigray,NA,Melfa_Bowak,Bowak,39.14,13.64611111,01/08/2015,Meher-15
545,2015,Tigray,NA,Melfa_Bowak,Bowak,39.14,13.64611111,01/08/2015,Meher-15
546,2015,Tigray,NA,Melfa_Bowak,Bowak,39.14,13.64611111,01/08/2015,Meher-15
548,2015,Tigray,NA,Melfa_Bowak,Bowak,39.14,13.64611111,01/08/2015,Meher-15
549,2015,Tigray,NA,Lemeat,Golat,39.12666667,13.61388889,01/08/2015,Meher-15
550,2015,Tigray,NA,Lemeat,Golat,39.12666667,13.61388889,01/08/2015,Meher-15
551,2015,Tigray,NA,Lemeat,Golat,39.12666667,13.61388889,01/08/2015,Meher-15
552,2015,Tigray,NA,Lemeat,Golat,39.12666667,13.61388889,01/08/2015,Meher-15
553,2015,Tigray,NA,Lemeat,Golat,39.12666667,13.61388889,01/08/2015,Meher-15
554,2015,Tigray,NA,Lemeat,Golat,39.12666667,13.61388889,01/08/2015,Meher-15
555,2015,Tigray,NA,Lemeat,Golat,39.12666667,13.61388889,01/08/2015,Meher-15
556,2015,Tigray,NA,Lemeat,Golat,39.12666667,13.61388889,01/08/2015,Meher-15
557,2015,Tigray,NA,Lemeat,Golat,39.12666667,13.61388889,01/08/2015,Meher-15
558,2015,Tigray,NA,Lemeat,Golat,39.12666667,13.61388889,01/08/2015,Meher-15
559,2015,Tigray,NA,Lemeat,Golat,39.12666667,13.61388889,01/08/2015,Meher-15
560,2015,Tigray,NA,Lemeat,Golat,39.12666667,13.61388889,01/08/2015,Meher-15
561,2015,Tigray,NA,Lemeat,Golat,39.12666667,13.61388889,01/08/2015,Meher-15
562,2015,Tigray,NA,Lemeat,Golat,39.12666667,13.61388889,01/08/2015,Meher-15
563,2015,Tigray,NA,Lemeat,Golat,39.12666667,13.61388889,01/08/2015,Meher-15
564,2015,Tigray,NA,Lemeat,Medagolat,39.13333333,13.61861111,01/08/2015,Meher-15
565,2015,Tigray,NA,Lemeat,Medagolat,39.13333333,13.61861111,01/08/2015,Meher-15
566,2015,Tigray,NA,Lemeat,Medagolat,39.13333333,13.61861111,01/08/2015,Meher-15
567,2015,Tigray,NA,Lemeat,Medagolat,39.13333333,13.61861111,01/08/2015,Meher-15
568,2014,Tigray,NA,Lemeat,Medagolat,39.13333333,13.61861111,27/09/2014,Meher-14
569,2015,Tigray,NA,Lemeat,Medagolat,39.13333333,13.61861111,01/08/2015,Meher-15
570,2015,Tigray,NA,Lemeat,Medagolat,39.13333333,13.61861111,01/08/2015,Meher-15
571,2015,Tigray,NA,Lemeat,Medagolat,39.13333333,13.61861111,01/08/2015,Meher-15
572,2015,Tigray,NA,Lemeat,Medagolat,39.13333333,13.61861111,01/08/2015,Meher-15
573,2015,Tigray,NA,Lemeat,Medagolat,39.13333333,13.61861111,01/08/2015,Meher-15
574,2015,Tigray,NA,Lemeat,Medagolat,39.13333333,13.61861111,01/08/2015,Meher-15
575,2015,Tigray,NA,Lemeat,Medagolat,39.13333333,13.61861111,01/08/2015,Meher-15
576,2015,Tigray,NA,Lemeat,Mysedri,39.14416667,13.61611111,01/08/2015,Meher-15
577,2015,Tigray,NA,Lemeat,Mysedri,39.14416667,13.61611111,01/08/2015,Meher-15
578,2015,Tigray,NA,Lemeat,Mysedri,39.14416667,13.61611111,01/08/2015,Meher-15
579,2015,Tigray,NA,Lemeat,Mysedri,39.14416667,13.61611111,01/08/2015,Meher-15
580,2015,Tigray,NA,Lemeat,Mysedri,39.14416667,13.61611111,01/08/2015,Meher-15
581,2015,Tigray,NA,Lemeat,Mysedri,39.14416667,13.61611111,01/08/2015,Meher-15
582,2015,Tigray,NA,Lemeat,Mysedri,39.14416667,13.61611111,01/08/2015,Meher-15
583,2015,Tigray,NA,Lemeat,Mysedri,39.14416667,13.61611111,01/08/2015,Meher-15
584,2015,Tigray,NA,Lemeat,Mysedri,39.14416667,13.61611111,01/08/2015,Meher-15
585,2015,Tigray,NA,Lemeat,Mysedri,39.14416667,13.61611111,01/08/2015,Meher-15
586,2015,Tigray,NA,Lemeat,Mysedri,39.14416667,13.61611111,01/08/2015,Meher-15
587,2015,Tigray,NA,Lemeat,Mysedri,39.14416667,13.61611111,01/08/2015,Meher-15
588,2015,Tigray,NA,Lemeat,Mysedri,39.14416667,13.61611111,01/08/2015,Meher-15
589,2015,Tigray,NA,Lemeat,Mysedri,39.14416667,13.61611111,01/08/2015,Meher-15
590,2015,Tigray,NA,Lemeat,Mysedri,39.14416667,13.61611111,01/08/2015,Meher-15
591,2015,Tigray,NA,Lemeat,Agerba,39.13655495,13.61707729,01/08/2015,Meher-15
592,2015,Tigray,NA,Lemeat,Agerba,39.13655495,13.61707729,01/08/2015,Meher-15
593,2015,Tigray,NA,Lemeat,Agerba,39.13655495,13.61707729,01/08/2015,Meher-15
594,2015,Tigray,NA,Lemeat,Agerba,39.13655495,13.61707729,01/08/2015,Meher-15
595,2015,Tigray,NA,Lemeat,Agerba,39.13655495,13.61707729,01/08/2015,Meher-15
596,2015,Tigray,NA,Lemeat,Agerba,39.13655495,13.61707729,01/08/2015,Meher-15
597,2015,Tigray,NA,Lemeat,Agerba,39.13655495,13.61707729,01/08/2015,Meher-15
598,2015,Tigray,NA,Lemeat,Agerba,39.13655495,13.61707729,01/08/2015,Meher-15
599,2015,Tigray,NA,Lemeat,Agerba,39.13655495,13.61707729,01/08/2015,Meher-15
600,2015,Tigray,NA,Lemeat,Agerba,39.13655495,13.61707729,01/08/2015,Meher-15
601,2015,Tigray,NA,Lemeat,Agerba,39.13655495,13.61707729,01/08/2015,Meher-15
602,2015,Tigray,NA,Lemeat,Agerba,39.13655495,13.61707729,01/08/2015,Meher-15
603,2015,Tigray,NA,Lemeat,Agerba,39.13655495,13.61707729,01/08/2015,Meher-15
604,2015,Tigray,NA,Lemeat,Agerba,39.13655495,13.61707729,01/08/2015,Meher-15
605,2015,Tigray,NA,Micheal Abi,Rasat,39.19833333,13.60138889,01/08/2015,Meher-15
606,2015,Tigray,NA,Micheal Abi,Rasat,39.19833333,13.60138889,01/08/2015,Meher-15
607,2015,Tigray,NA,Micheal Abi,Rasat,39.19833333,13.60138889,01/08/2015,Meher-15
608,2015,Tigray,NA,Micheal Abi,Rasat,39.19833333,13.60138889,01/08/2015,Meher-15
609,2015,Tigray,NA,Micheal Abi,Rasat,39.19833333,13.60138889,01/08/2015,Meher-15
610,2015,Tigray,NA,Micheal Abi,Rasat,39.19833333,13.60138889,01/08/2015,Meher-15
611,2015,Tigray,NA,Micheal Abi,Rasat,39.19833333,13.60138889,01/08/2015,Meher-15
612,2015,Tigray,NA,Micheal Abi,Rasat,39.19833333,13.60138889,01/08/2015,Meher-15
613,2015,Tigray,NA,Micheal Abi,Rasat,39.19833333,13.60138889,01/08/2015,Meher-15
614,2015,Tigray,NA,Micheal Abi,Rasat,39.19833333,13.60138889,01/08/2015,Meher-15
615,2015,Tigray,NA,Micheal Abi,Rasat,39.19833333,13.60138889,01/08/2015,Meher-15
616,2015,Tigray,NA,Micheal Abi,Rasat,39.19833333,13.60138889,01/08/2015,Meher-15
617,2015,Tigray,NA,Micheal Abi,Rasat,39.19833333,13.60138889,01/08/2015,Meher-15
618,2015,Tigray,NA,Micheal Abi,Rasat,39.19833333,13.60138889,01/08/2015,Meher-15
619,2015,Tigray,NA,Micheal Abi,Rasat,39.19833333,13.60138889,01/08/2015,Meher-15
620,2015,Tigray,NA,Micheal Abi,Rasat,39.19833333,13.60138889,01/08/2015,Meher-15
621,2015,Tigray,NA,Micheal Abi,Rasat,39.19833333,13.60138889,01/08/2015,Meher-15
622,2015,Tigray,NA,Micheal Abi,Hadnet,39.19,13.61638889,01/08/2015,Meher-15
623,2015,Tigray,NA,Micheal Abi,Hadnet,39.19,13.61638889,01/08/2015,Meher-15
624,2015,Tigray,NA,Micheal Abi,Hadnet,39.19,13.61638889,01/08/2015,Meher-15
625,2015,Tigray,NA,Micheal Abi,Hadnet,39.19,13.61638889,01/08/2015,Meher-15
626,2015,Tigray,NA,Micheal Abi,Hadnet,39.19,13.61638889,01/08/2015,Meher-15
627,2015,Tigray,NA,Micheal Abi,Hadnet,39.19,13.61638889,01/08/2015,Meher-15
628,2015,Tigray,NA,Micheal Abi,Hadnet,39.19,13.61638889,01/08/2015,Meher-15
629,2015,Tigray,NA,Micheal Abi,Hadnet,39.19,13.61638889,01/08/2015,Meher-15
630,2015,Tigray,NA,Micheal Abi,Hadnet,39.19,13.61638889,01/08/2015,Meher-15
631,2015,Tigray,NA,Micheal Abi,Hadnet,39.19,13.61638889,01/08/2015,Meher-15
632,2015,Tigray,NA,Micheal Abi,Adi kunti,39.19722222,13.61333333,01/08/2015,Meher-15
633,2015,Tigray,NA,Micheal Abi,Adi kunti,39.19722222,13.61333333,01/08/2015,Meher-15
634,2015,Tigray,NA,Micheal Abi,Adi kunti,39.19722222,13.61333333,01/08/2015,Meher-15
635,2015,Tigray,NA,Micheal Abi,Adi kunti,39.19722222,13.61333333,01/08/2015,Meher-15
636,2015,Tigray,NA,Micheal Abi,Adi kunti,39.19722222,13.61333333,01/08/2015,Meher-15
637,2015,Tigray,NA,Micheal Abi,Adi kunti,39.19722222,13.61333333,01/08/2015,Meher-15
638,2015,Tigray,NA,Micheal Abi,Adi kunti,39.19722222,13.61333333,01/08/2015,Meher-15
639,2015,Tigray,NA,Micheal Abi,Adi kunti,39.19722222,13.61333333,01/08/2015,Meher-15
640,2015,Tigray,NA,Micheal Abi,Adi kunti,39.19722222,13.61333333,01/08/2015,Meher-15
641,2015,Tigray,NA,Micheal Abi,Adi kunti,39.19722222,13.61333333,01/08/2015,Meher-15
642,2015,Tigray,NA,Micheal Abi,A/mariam,39.18944444,13.59611111,01/08/2015,Meher-15
643,2015,Tigray,NA,Micheal Abi,A/mariam,39.18944444,13.59611111,01/08/2015,Meher-15
644,2015,Tigray,NA,Micheal Abi,A/mariam,39.18944444,13.59611111,01/08/2015,Meher-15
645,2015,Tigray,NA,Micheal Abi,A/mariam,39.18944444,13.59611111,01/08/2015,Meher-15
646,2015,Tigray,NA,Micheal Abi,A/mariam,39.18944444,13.59611111,01/08/2015,Meher-15
647,2015,Tigray,NA,Micheal Abi,A/mariam,39.18944444,13.59611111,01/08/2015,Meher-15
648,2015,Tigray,NA,Micheal Abi,A/mariam,39.18944444,13.59611111,01/08/2015,Meher-15
649,2015,Tigray,NA,Micheal Abi,A/mariam,39.18944444,13.59611111,01/08/2015,Meher-15
650,2015,Tigray,NA,Micheal Abi,A/mariam,39.18944444,13.59611111,01/08/2015,Meher-15
651,2015,Tigray,NA,Micheal Abi,A/mariam,39.18944444,13.59611111,01/08/2015,Meher-15
652,2015,Tigray,NA,Micheal Abi,A/mariam,39.18944444,13.59611111,01/08/2015,Meher-15
653,2015,Tigray,NA,Micheal Abi,A/mariam,39.18944444,13.59611111,01/08/2015,Meher-15
654,2013,Tigray,NA,Micheal Abi,A/mariam,39.18944444,13.59611111,01/08/2013,Meher-13
657,2013,Tigray,NA,Micheal Abi,A/mariam,39.18944444,13.59611111,01/08/2013,Meher-13
658,2013,Tigray,NA,Micheal Abi,A/mariam,39.18944444,13.59611111,01/08/2013,Meher-13
659,2013,Tigray,NA,Micheal Abi,A/mariam,39.18944444,13.59611111,01/08/2013,Meher-13
660,2013,Tigray,NA,Micheal Abi,A/mariam,39.18944444,13.59611111,01/08/2013,Meher-13
661,2013,Tigray,NA,Micheal Abi,A/mariam,39.18944444,13.59611111,01/08/2013,Meher-13
663,2013,Tigray,NA,Micheal Abi,Adi kunti,39.19722222,13.61333333,01/08/2013,Meher-13
664,2013,Tigray,NA,Micheal Abi,Adi kunti,39.19722222,13.61333333,01/08/2013,Meher-13
665,2013,Tigray,NA,Micheal Abi,Adi kunti,39.19722222,13.61333333,01/08/2013,Meher-13
666,2013,Tigray,NA,Micheal Abi,Adi kunti,39.19722222,13.61333333,01/08/2013,Meher-13
667,2013,Tigray,NA,Micheal Abi,Adi kunti,39.19722222,13.61333333,01/08/2013,Meher-13
668,2013,Tigray,NA,Micheal Abi,Adi kunti,39.19722222,13.61333333,01/08/2013,Meher-13
669,2013,Tigray,NA,Micheal Abi,Adi kunti,39.19722222,13.61333333,01/08/2013,Meher-13
670,2013,Tigray,NA,Micheal Abi,Adi kunti,39.19722222,13.61333333,01/08/2013,Meher-13
672,2013,Tigray,NA,Micheal Abi,Adi kunti,39.19722222,13.61333333,01/08/2013,Meher-13
673,2013,Tigray,NA,Micheal Abi,Adi kunti,39.19722222,13.61333333,01/08/2013,Meher-13
674,2013,Tigray,NA,Micheal Abi,Adi kunti,39.19722222,13.61333333,01/08/2013,Meher-13
675,2013,Tigray,NA,Micheal Abi,Hadnet,39.19,13.61638889,01/08/2013,Meher-13
676,2013,Tigray,NA,Micheal Abi,Hadnet,39.19,13.61638889,01/08/2013,Meher-13
677,2013,Tigray,NA,Micheal Abi,Hadnet,39.19,13.61638889,01/08/2013,Meher-13
678,2013,Tigray,NA,Micheal Abi,Hadnet,39.19,13.61638889,01/08/2013,Meher-13
679,2013,Tigray,NA,Micheal Abi,Hadnet,39.19,13.61638889,01/08/2013,Meher-13
680,2013,Tigray,NA,Micheal Abi,Hadnet,39.19,13.61638889,01/08/2013,Meher-13
681,2013,Tigray,NA,Micheal Abi,Hadnet,39.19,13.61638889,01/08/2013,Meher-13
682,2013,Tigray,NA,Micheal Abi,Hadnet,39.19,13.61638889,01/08/2013,Meher-13
683,2013,Tigray,NA,Micheal Abi,Hadnet,39.19,13.61638889,01/08/2013,Meher-13
684,2013,Tigray,NA,Micheal Abi,Hadnet,39.19,13.61638889,01/08/2013,Meher-13
685,2013,Tigray,NA,Micheal Abi,Hadnet,39.19,13.61638889,01/08/2013,Meher-13
686,2013,Tigray,NA,Micheal Abi,Hadnet,39.19,13.61638889,01/08/2013,Meher-13
687,2013,Tigray,NA,Micheal Abi,Hadnet,39.19,13.61638889,01/08/2013,Meher-13
688,2013,Tigray,NA,Micheal Abi,Hadnet,39.19,13.61638889,01/08/2013,Meher-13
689,2013,Tigray,NA,Micheal Abi,Hadnet,39.19,13.61638889,01/08/2013,Meher-13
691,2013,Tigray,NA,Micheal Abi,Rasat,39.19833333,13.60138889,01/08/2013,Meher-13
692,2013,Tigray,NA,Micheal Abi,Rasat,39.19833333,13.60138889,01/08/2013,Meher-13
694,2013,Tigray,NA,Micheal Abi,Rasat,39.19833333,13.60138889,01/08/2013,Meher-13
695,2013,Tigray,NA,Micheal Abi,Rasat,39.19833333,13.60138889,01/08/2013,Meher-13
696,2013,Tigray,NA,Micheal Abi,Rasat,39.19833333,13.60138889,01/08/2013,Meher-13
697,2013,Tigray,NA,Micheal Abi,Rasat,39.19833333,13.60138889,01/08/2013,Meher-13
698,2013,Tigray,NA,Micheal Abi,Rasat,39.19833333,13.60138889,01/08/2013,Meher-13
699,2013,Tigray,NA,Micheal Abi,Rasat,39.19833333,13.60138889,01/08/2013,Meher-13
700,2013,Tigray,NA,Micheal Abi,Rasat,39.19833333,13.60138889,01/08/2013,Meher-13
701,2013,Tigray,NA,Micheal Abi,Rasat,39.19833333,13.60138889,01/08/2013,Meher-13
702,2013,Tigray,NA,Micheal Abi,Rasat,39.19833333,13.60138889,01/08/2013,Meher-13
736,2013,Tigray,NA,Lemeat,Golat,39.12666667,13.61388889,01/08/2013,Meher-13
737,2013,Tigray,NA,Lemeat,Golat,39.12666667,13.61388889,01/08/2013,Meher-13
738,2013,Tigray,NA,Lemeat,Golat,39.12666667,13.61388889,01/08/2013,Meher-13
739,2013,Tigray,NA,Lemeat,Golat,39.12666667,13.61388889,01/08/2013,Meher-13
740,2013,Tigray,NA,Lemeat,Golat,39.12666667,13.61388889,01/08/2013,Meher-13
741,2013,Tigray,NA,Lemeat,Golat,39.12666667,13.61388889,01/08/2013,Meher-13
742,2013,Tigray,NA,Lemeat,Golat,39.12666667,13.61388889,01/08/2013,Meher-13
743,2013,Tigray,NA,Lemeat,Golat,39.12666667,13.61388889,01/08/2013,Meher-13
744,2015,Tigray,NA,Lemeat,Golat,39.12666667,13.61388889,01/08/2015,Meher-15
745,2013,Tigray,NA,Lemeat,Golat,39.12666667,13.61388889,01/08/2013,Meher-13
746,2013,Tigray,NA,Lemeat,Golat,39.12666667,13.61388889,01/08/2013,Meher-13
747,2013,Tigray,NA,Lemeat,Golat,39.12666667,13.61388889,01/08/2013,Meher-13
748,2013,Tigray,NA,Lemeat,Golat,39.12666667,13.61388889,01/08/2013,Meher-13
749,2013,Tigray,NA,Lemeat,Golat,39.12666667,13.61388889,01/08/2013,Meher-13
750,2013,Tigray,NA,Lemeat,Golat,39.12666667,13.61388889,01/08/2013,Meher-13
751,2013,Tigray,NA,Lemeat,Golat,39.12666667,13.61388889,01/08/2013,Meher-13
752,2013,Tigray,NA,Lemeat,Medagolat,39.13333333,13.61861111,01/08/2013,Meher-13
753,2013,Tigray,NA,Lemeat,Medagolat,39.13333333,13.61861111,01/08/2013,Meher-13
754,2013,Tigray,NA,Lemeat,Medagolat,39.13333333,13.61861111,01/08/2013,Meher-13
755,2013,Tigray,NA,Lemeat,Medagolat,39.13333333,13.61861111,01/08/2013,Meher-13
756,2013,Tigray,NA,Lemeat,Medagolat,39.13333333,13.61861111,01/08/2013,Meher-13
757,2013,Tigray,NA,Lemeat,Medagolat,39.13333333,13.61861111,01/08/2013,Meher-13
758,2013,Tigray,NA,Lemeat,Medagolat,39.13333333,13.61861111,01/08/2013,Meher-13
759,2013,Tigray,NA,Lemeat,Medagolat,39.13333333,13.61861111,01/08/2013,Meher-13
760,2013,Tigray,NA,Lemeat,Medagolat,39.13333333,13.61861111,01/08/2013,Meher-13
761,2013,Tigray,NA,Lemeat,Medagolat,39.13333333,13.61861111,01/08/2013,Meher-13
762,2013,Tigray,NA,Lemeat,Medagolat,39.13333333,13.61861111,01/08/2013,Meher-13
763,2013,Tigray,NA,Lemeat,Medagolat,39.13333333,13.61861111,01/08/2013,Meher-13
764,2013,Tigray,NA,Lemeat,Mysedri,39.14416667,13.61611111,01/08/2013,Meher-13
765,2013,Tigray,NA,Lemeat,Mysedri,39.14416667,13.61611111,01/08/2013,Meher-13
766,2013,Tigray,NA,Lemeat,Mysedri,39.14416667,13.61611111,01/08/2013,Meher-13
767,2013,Tigray,NA,Lemeat,Mysedri,39.14416667,13.61611111,01/08/2013,Meher-13
768,2013,Tigray,NA,Lemeat,Mysedri,39.14416667,13.61611111,01/08/2013,Meher-13
769,2013,Tigray,NA,Lemeat,Mysedri,39.14416667,13.61611111,01/08/2013,Meher-13
770,2013,Tigray,NA,Lemeat,Mysedri,39.14416667,13.61611111,01/08/2013,Meher-13
771,2013,Tigray,NA,Lemeat,Mysedri,39.14416667,13.61611111,01/08/2013,Meher-13
772,2013,Tigray,NA,Lemeat,Mysedri,39.14416667,13.61611111,01/08/2013,Meher-13
773,2013,Tigray,NA,Lemeat,Mysedri,39.14416667,13.61611111,01/08/2013,Meher-13
774,2013,Tigray,NA,Lemeat,Mysedri,39.14416667,13.61611111,01/08/2013,Meher-13
776,2013,Tigray,NA,Lemeat,Mysedri,39.14416667,13.61611111,01/08/2013,Meher-13
777,2013,Tigray,NA,Lemeat,Mysedri,39.14416667,13.61611111,01/08/2013,Meher-13
778,2013,Tigray,NA,Lemeat,Mysedri,39.14416667,13.61611111,01/08/2013,Meher-13
779,2013,Tigray,NA,Lemeat,Adi waro,39.15694444,13.62833333,01/08/2013,Meher-13
780,2013,Tigray,NA,Lemeat,Adi waro,39.15694444,13.62833333,01/08/2013,Meher-13
781,2013,Tigray,NA,Lemeat,Adi waro,39.15694444,13.62833333,01/08/2013,Meher-13
782,2013,Tigray,NA,Lemeat,Adi waro,39.15694444,13.62833333,01/08/2013,Meher-13
783,2013,Tigray,NA,Lemeat,Adi waro,39.15694444,13.62833333,01/08/2013,Meher-13
784,2013,Tigray,NA,Lemeat,Adi waro,39.15694444,13.62833333,01/08/2013,Meher-13
785,2013,Tigray,NA,Lemeat,Adi waro,39.15694444,13.62833333,01/08/2013,Meher-13
786,2013,Tigray,NA,Lemeat,Adi waro,39.15694444,13.62833333,01/08/2013,Meher-13
788,2013,Tigray,NA,M/selassie,Guderbo,39.13,13.66277778,01/08/2013,Meher-13
789,2013,Tigray,NA,M/selassie,Guderbo,39.13,13.66277778,01/08/2013,Meher-13
790,2013,Tigray,NA,M/selassie,Guderbo,39.13,13.66277778,01/08/2013,Meher-13
791,2013,Tigray,NA,M/selassie,Guderbo,39.13,13.66277778,01/08/2013,Meher-13
792,2013,Tigray,NA,M/selassie,Guderbo,39.13,13.66277778,01/08/2013,Meher-13
793,2013,Tigray,NA,M/selassie,Guderbo,39.13,13.66277778,01/08/2013,Meher-13
794,2013,Tigray,NA,M/selassie,Guderbo,39.13,13.66277778,01/08/2013,Meher-13
795,2013,Tigray,NA,M/selassie,Guderbo,39.13,13.66277778,01/08/2013,Meher-13
796,2013,Tigray,NA,M/selassie,Guderbo,39.13,13.66277778,01/08/2013,Meher-13
797,2013,Tigray,NA,M/selassie,Guderbo,39.13,13.66277778,01/08/2013,Meher-13
798,2013,Tigray,NA,M/selassie,Guderbo,39.13,13.66277778,01/08/2013,Meher-13
799,2013,Tigray,NA,M/selassie,Guderbo,39.13,13.66277778,01/08/2013,Meher-13
800,2013,Tigray,NA,M/selassie,Guderbo,39.13,13.66277778,01/08/2013,Meher-13
801,2013,Tigray,NA,M/selassie,Guderbo,39.13,13.66277778,01/08/2013,Meher-13
804,2013,Tigray,NA,M/selassie,Hoseya,39.13,13.66277778,01/08/2013,Meher-13
805,2013,Tigray,NA,M/selassie,Hoseya,39.13,13.66277778,01/08/2013,Meher-13
806,2013,Tigray,NA,M/selassie,Hoseya,39.13,13.66277778,01/08/2013,Meher-13
807,2013,Tigray,NA,M/selassie,Hoseya,39.13,13.66277778,01/08/2013,Meher-13
809,2013,Tigray,NA,M/selassie,Hoseya,39.13,13.66277778,01/08/2013,Meher-13
810,2013,Tigray,NA,M/selassie,Hoseya,39.13,13.66277778,01/08/2013,Meher-13
811,2013,Tigray,NA,M/selassie,Hoseya,39.13,13.66277778,01/08/2013,Meher-13
812,2013,Tigray,NA,M/selassie,Hoseya,39.13,13.66277778,01/08/2013,Meher-13
814,2013,Tigray,NA,M/selassie,Hoseya,39.13,13.66277778,01/08/2013,Meher-13
815,2013,Tigray,NA,M/selassie,Hoseya,39.13,13.66277778,01/08/2013,Meher-13
816,2013,Tigray,NA,M/selassie,Hoseya,39.13,13.66277778,01/08/2013,Meher-13
817,2013,Tigray,NA,M/selassie,Hoseya,39.13,13.66277778,01/08/2013,Meher-13
818,2013,Tigray,NA,M/selassie,Hoseya,39.13,13.66277778,01/08/2013,Meher-13
819,2013,Tigray,NA,M/selassie,Hoseya,39.13,13.66277778,01/08/2013,Meher-13
919,2013,Amhara,North Wollo,Meket,Weketa,38.76245,11.70157,01/08/2013,Meher-13
920,2013,Amhara,North Wollo,Meket,Weketa,38.75863,11.70128,01/08/2013,Meher-13
921,2013,Amhara,North Wollo,Meket,Weketa,38.75905,11.70695,01/08/2013,Meher-13
922,2013,Amhara,North Wollo,Meket,Weketa,38.75876,11.70269,01/08/2013,Meher-13
923,2013,Amhara,North Wollo,Meket,Weketa,38.75991,11.69554,01/08/2013,Meher-13
924,2013,Amhara,North Wollo,Meket,Weketa,38.76733,11.70466,01/08/2013,Meher-13
925,2013,Amhara,North Wollo,Meket,Weketa,38.7608,11.69241,01/08/2013,Meher-13
926,2013,Amhara,North Wollo,Meket,Weketa,38.76072,11.69026,01/08/2013,Meher-13
927,2013,Amhara,North Wollo,Meket,Weketa,38.76033,11.69338,01/08/2013,Meher-13
928,2013,Amhara,North Wollo,Meket,Weketa,38.75632,11.70948,01/08/2013,Meher-13
929,2013,Amhara,North Wollo,Meket,Weketa,38.75917,11.70946,01/08/2013,Meher-13
930,2013,Amhara,North Wollo,Meket,Weketa,38.76693,11.70632,01/08/2013,Meher-13
931,2013,Amhara,North Wollo,Meket,Weketa,38.7662,11.70834,01/08/2013,Meher-13
932,2013,Amhara,North Wollo,Meket,Weketa,38.76544,11.70884,01/08/2013,Meher-13
933,2013,Amhara,North Wollo,Meket,Weketa,38.7598,11.70185,01/08/2013,Meher-13
934,2013,Amhara,North Wollo,Meket,Weketa,38.7671,11.70676,01/08/2013,Meher-13
935,2013,Amhara,North Wollo,Meket,Weketa,38.75722,11.70923,01/08/2013,Meher-13
1004,2014,Amhara,North Wollo,Meket,Weketa,38.76158807,11.70447298,01/08/2014,Meher-14
1005,2014,Amhara,North Wollo,Meket,Weketa,38.76158807,11.70447298,01/08/2014,Meher-14
1006,2014,Amhara,North Wollo,Meket,Weketa,38.76158807,11.70447298,01/08/2014,Meher-14
1007,2014,Amhara,North Wollo,Meket,Weketa,38.76158807,11.70447298,01/08/2014,Meher-14
1008,2013,Amhara,North Wollo,Meket,Weketa,38.75991,11.69554,01/08/2013,Meher-13
1009,2013,Amhara,North Wollo,Meket,Weketa,38.76733,11.70466,01/08/2013,Meher-13
1010,2014,Amhara,North Wollo,Meket,Weketa,38.76158807,11.70447298,01/08/2014,Meher-14
1011,2014,Amhara,North Wollo,Meket,Weketa,38.76158807,11.70447298,27/09/2014,Meher-14
1012,2013,Amhara,North Wollo,Meket,Weketa,38.76033,11.69338,01/08/2013,Meher-13
1013,2014,Amhara,North Wollo,Meket,Weketa,38.75632,11.70948,01/08/2014,Meher-14
1014,2014,Amhara,North Wollo,Meket,Weketa,38.76158807,11.70447298,01/08/2014,Meher-14
1015,2014,Amhara,North Wollo,Meket,Weketa,38.76158807,11.70447298,01/08/2014,Meher-14
1016,2014,Amhara,North Wollo,Meket,Weketa,38.7662,11.70834,01/08/2014,Meher-14
1017,2014,Amhara,North Wollo,Meket,Weketa,38.76158807,11.70447298,01/08/2014,Meher-14
1018,2014,Amhara,North Wollo,Meket,Weketa,38.76158807,11.70447298,01/08/2014,Meher-14
1020,2013,Amhara,North Wollo,Meket,Weketa,38.75722,11.70923,01/08/2013,Meher-13
1021,2014,Amhara,North Wollo,Meket,Weketa,38.76416,11.70451,01/08/2014,Meher-14
1022,2014,Amhara,North Wollo,Meket,Weketa,38.75928,11.70264,01/08/2014,Meher-14
1023,2014,Amhara,North Wollo,Meket,Weketa,38.75939,11.70843,01/08/2014,Meher-14
1024,2014,Amhara,North Wollo,Meket,Weketa,38.75713,11.70315,01/08/2014,Meher-14
1025,2014,Amhara,North Wollo,Meket,Weketa,38.76011,11.69626,01/08/2014,Meher-14
1026,2014,Amhara,North Wollo,Meket,Weketa,38.76576,11.7041,01/08/2014,Meher-14
1027,2014,Amhara,North Wollo,Meket,Weketa,38.75881,11.69637,01/08/2014,Meher-14
1030,2014,Amhara,North Wollo,Meket,Weketa,38.75758,11.70987,01/08/2014,Meher-14
1031,2014,Amhara,North Wollo,Meket,Weketa,38.76229,11.70984,01/08/2014,Meher-14
1034,2014,Amhara,North Wollo,Meket,Weketa,38.76772,11.70875,01/08/2014,Meher-14
1035,2014,Amhara,North Wollo,Meket,Weketa,38.75756,11.70214,01/08/2014,Meher-14
1036,2014,Amhara,North Wollo,Meket,Weketa,38.76535,11.70798,01/08/2014,Meher-14
1037,2014,Amhara,North Wollo,Meket,Weketa,38.75922,11.70623,01/08/2014,Meher-14
1038,2014,Amhara,North Wollo,Meket,Weketa,38.7592,11.70217,01/08/2014,Meher-14
1039,2014,Amhara,North Wollo,Meket,Weketa,38.75998,11.70296,01/08/2014,Meher-14
1040,2014,Amhara,North Wollo,Meket,Weketa,38.75913,11.70802,01/08/2014,Meher-14
1042,2014,Amhara,North Wollo,Meket,Weketa,38.7588,11.69582,01/08/2014,Meher-14
1043,2014,Amhara,North Wollo,Meket,Weketa,38.7643,11.70598,01/08/2014,Meher-14
1047,2014,Amhara,North Wollo,Meket,Weketa,38.75858,11.70816,01/08/2014,Meher-14
1048,2014,Amhara,North Wollo,Meket,Weketa,38.7608,11.70897,01/08/2014,Meher-14
1050,2014,Amhara,North Wollo,Meket,Weketa,38.7665,11.70894,01/08/2014,Meher-14
1051,2014,Amhara,North Wollo,Meket,Weketa,38.76748,11.7077,01/08/2014,Meher-14
1052,2014,Amhara,North Wollo,Meket,Weketa,38.75793,11.70233,01/08/2014,Meher-14
1053,2014,Amhara,North Wollo,Meket,Weketa,38.76567,11.70462,01/08/2014,Meher-14
1054,2014,Amhara,North Wollo,Meket,Weketa,38.762,11.70917,01/08/2014,Meher-14
1055,2014,Amhara,North Wollo,Wadla,Gashena,38.91624,11.64212,01/08/2014,Meher-14
1056,2014,Amhara,North Wollo,Wadla,Gashena,38.91624,11.64212,01/08/2014,Meher-14
1058,2014,Amhara,North Wollo,Wadla,Gashena,38.91624,11.64212,01/08/2014,Meher-14
1059,2014,Amhara,North Wollo,Wadla,Gashena,38.91624,11.64212,01/08/2014,Meher-14
1060,2014,Amhara,North Wollo,Wadla,Gashena,38.91624,11.64212,01/08/2014,Meher-14
1061,2014,Amhara,North Wollo,Wadla,Gashena,38.91624,11.64212,01/08/2014,Meher-14
1062,2014,Amhara,North Wollo,Wadla,Gashena,38.91624,11.64212,01/08/2014,Meher-14
1065,2014,Amhara,North Wollo,Wadla,Gashena,38.91624,11.64212,01/08/2014,Meher-14
1066,2014,Amhara,North Wollo,Wadla,Gashena,38.91624,11.64212,01/08/2014,Meher-14
1067,2014,Amhara,North Wollo,Wadla,Gashena,38.91624,11.64212,01/08/2014,Meher-14
1068,2014,Amhara,North Wollo,Wadla,Gashena,38.91624,11.64212,01/08/2014,Meher-14
1073,2014,Amhara,North Wollo,Meket,Hanamekuat,38.68932263,11.6786322,01/08/2014,Meher-14
1074,2014,Amhara,North Wollo,Meket,Hanamekuat,38.68651,11.68423,01/08/2014,Meher-14
1075,2014,Amhara,North Wollo,Meket,Hanamekuat,38.68932263,11.6786322,09/07/2014,Meher-14
1076,2014,Amhara,North Wollo,Meket,Hanamekuat,38.68932263,11.6786322,01/08/2014,Meher-14
1077,2014,Amhara,North Wollo,Meket,Hanamekuat,38.68695,11.68008,09/07/2014,Meher-14
1079,2014,Amhara,North Wollo,Meket,Hanamekuat,38.68932263,11.6786322,01/08/2014,Meher-14
1080,2014,Amhara,North Wollo,Meket,Hanamekuat,38.68932263,11.6786322,01/08/2014,Meher-14
1081,2014,Amhara,North Wollo,Meket,Hanamekuat,38.68932263,11.6786322,09/07/2014,Meher-14
1082,2014,Amhara,North Wollo,Meket,Hanamekuat,38.682504,11.67405,01/08/2014,Meher-14
1083,2014,Amhara,North Wollo,Meket,Hanamekuat,38.68932263,11.6786322,09/07/2014,Meher-14
1084,2014,Amhara,North Wollo,Meket,Hanamekuat,38.68932263,11.6786322,09/07/2014,Meher-14
1085,2014,Amhara,North Wollo,Meket,Hanamekuat,38.69455,11.68161,09/07/2014,Meher-14
1086,2014,Amhara,North Wollo,Meket,Hanamekuat,38.68932263,11.6786322,01/08/2014,Meher-14
1087,2014,Amhara,North Wollo,Meket,Hanamekuat,38.68932263,11.6786322,01/08/2014,Meher-14
1088,2014,Amhara,North Wollo,Meket,Hanamekuat,38.68932263,11.6786322,01/08/2014,Meher-14
1089,2014,Amhara,North Wollo,Meket,Hanamekuat,38.68509,11.67001,09/07/2014,Meher-14
1090,2014,Amhara,North Wollo,Meket,Hanamekuat,38.68932263,11.6786322,01/08/2014,Meher-14
1091,2014,Amhara,North Wollo,Meket,Hanamekuat,38.68385,11.67036,01/08/2014,Meher-14
1092,2014,Amhara,North Wollo,Meket,Hanamekuat,38.69402,11.68067,01/08/2014,Meher-14
1093,2014,Amhara,North Wollo,Meket,Hanamekuat,38.686,11.68022,01/08/2014,Meher-14
1094,2014,Amhara,North Wollo,Meket,Hanamekuat,38.68684,11.67907,01/08/2014,Meher-14
1095,2014,Amhara,North Wollo,Meket,Hanamekuat,38.68932263,11.6786322,01/08/2014,Meher-14
1096,2014,Amhara,North Wollo,Meket,Hanamekuat,38.68653,11.67282,01/08/2014,Meher-14
1097,2014,Amhara,North Wollo,Meket,Hanamekuat,38.68812,11.6824,01/08/2014,Meher-14
1098,2014,Amhara,North Wollo,Meket,Hanamekuat,38.6836,11.66967,09/07/2014,Meher-14
1099,2014,Amhara,North Wollo,Meket,Hanamekuat,38.68824,11.68118,01/08/2014,Meher-14
1100,2014,Amhara,North Wollo,Meket,Hanamekuat,38.69016,11.6768,01/08/2014,Meher-14
1101,2014,Amhara,North Wollo,Meket,Hanamekuat,38.69823,11.68643,09/07/2014,Meher-14
1102,2014,Amhara,North Wollo,Meket,Hanamekuat,38.68932263,11.6786322,09/07/2014,Meher-14
1103,2014,Amhara,North Wollo,Meket,Hanamekuat,38.69022,11.67813,01/08/2014,Meher-14
1104,2014,Amhara,North Wollo,Meket,Hanamekuat,38.68674,11.68035,01/08/2014,Meher-14
1105,2014,Amhara,North Wollo,Meket,Hanamekuat,38.69042,11.67897,01/08/2014,Meher-14
1106,2014,Amhara,North Wollo,Meket,Hanamekuat,38.68932263,11.6786322,01/08/2014,Meher-14
1107,2014,Amhara,North Wollo,Meket,Hanamekuat,38.68759,11.67249,01/08/2014,Meher-14
1108,2014,Amhara,North Wollo,Meket,Hanamekuat,38.69114,11.68354,01/08/2014,Meher-14
1109,2014,Amhara,North Wollo,Meket,Hanamekuat,38.70289,11.69411,01/08/2014,Meher-14
1110,2014,Amhara,North Wollo,Meket,Hanamekuat,38.68932263,11.6786322,01/08/2014,Meher-14
1111,2014,Amhara,North Wollo,Meket,Hanamekuat,38.69461,11.68473,01/08/2014,Meher-14
1112,2014,Amhara,North Wollo,Meket,Hanamekuat,38.69348,11.68275,01/08/2014,Meher-14
1113,2014,Amhara,North Wollo,Meket,Hanamekuat,38.68476,11.67288,01/08/2014,Meher-14
1114,2014,Amhara,North Wollo,Meket,Hanamekuat,38.68812,11.6824,01/08/2014,Meher-14
1115,2014,Amhara,North Wollo,Meket,Hanamekuat,38.703,11.69371,01/08/2014,Meher-14
1116,2014,Amhara,North Wollo,Meket,Hanamekuat,38.6877,11.68206,01/08/2014,Meher-14
1117,2014,Amhara,North Wollo,Meket,Hanamekuat,38.69015,11.67625,09/07/2014,Meher-14
1118,2014,Amhara,North Wollo,Meket,Hanamekuat,38.69544,11.65543,09/07/2014,Meher-14
1120,2014,Amhara,North Wollo,Meket,Hanamekuat,38.68471,11.66954,01/08/2014,Meher-14
1121,2014,Amhara,North Wollo,Meket,Hanamekuat,38.68674,11.68035,01/08/2014,Meher-14
1122,2014,Amhara,North Wollo,Meket,Hanamekuat,38.69095,11.67919,01/08/2014,Meher-14
1123,2014,Amhara,North Wollo,Meket,Hanamekuat,38.68932263,11.6786322,01/08/2014,Meher-14
1124,2014,Amhara,North Wollo,Wadla,Yedogit,38.92337412,11.64519235,01/08/2014,Meher-14
1125,2014,Amhara,North Wollo,Wadla,Yedogit,38.92337412,11.64519235,01/08/2014,Meher-14
1126,2014,Amhara,North Wollo,Wadla,Yedogit,38.92337412,11.64519235,01/08/2014,Meher-14
1127,2014,Amhara,North Wollo,Wadla,Yedogit,38.92337412,11.64519235,01/08/2014,Meher-14
1129,2014,Amhara,North Wollo,Wadla,Yedogit,38.92547,11.64035,01/08/2014,Meher-14
1131,2014,Amhara,North Wollo,Wadla,Yedogit,38.92337412,11.64519235,01/08/2014,Meher-14
1133,2014,Amhara,North Wollo,Wadla,Yedogit,38.92337412,11.64519235,01/08/2014,Meher-14
1135,2014,Amhara,North Wollo,Wadla,Yedogit,38.92337412,11.64519235,01/08/2014,Meher-14
1136,2014,Amhara,North Wollo,Wadla,Yedogit,38.92337412,11.64519235,01/08/2014,Meher-14
1137,2014,Amhara,North Wollo,Wadla,Yedogit,38.92153,11.6469,01/08/2014,Meher-14
1138,2014,Amhara,North Wollo,Wadla,Yedogit,38.92337412,11.64519235,01/08/2014,Meher-14
1139,2014,Amhara,North Wollo,Wadla,Yedogit,38.92144,11.64233,01/08/2014,Meher-14
1140,2014,Amhara,North Wollo,Wadla,Yedogit,38.92133,11.64384,01/08/2014,Meher-14
1141,2014,Amhara,North Wollo,Wadla,Yedogit,38.92706,11.64857,01/08/2014,Meher-14
1143,2014,Amhara,North Wollo,Wadla,Yedogit,38.92275,11.6475,01/08/2014,Meher-14
1144,2014,Amhara,North Wollo,Wadla,Yedogit,38.92404,11.64413,01/08/2014,Meher-14
1145,2013,Amhara,North Wollo,Wadla,Yedogit,38.92547,11.64035,01/08/2013,Meher-13
1147,2014,Amhara,North Wollo,Wadla,Yedogit,38.91828,11.64128,01/08/2014,Meher-14
1148,2014,Amhara,North Wollo,Wadla,Yedogit,38.92337412,11.64519235,01/08/2014,Meher-14
1149,2014,Amhara,North Wollo,Wadla,Yedogit,38.92319,11.65015,01/08/2014,Meher-14
1153,2014,Amhara,North Wollo,Wadla,Yedogit,38.92157,11.65043,01/08/2014,Meher-14
1154,2014,Amhara,North Wollo,Wadla,Yedogit,38.92008,11.64902,01/08/2014,Meher-14
1157,2014,Amhara,North Wollo,Wadla,Yedogit,38.92337412,11.64519235,01/08/2014,Meher-14
1158,2014,Amhara,North Wollo,Wadla,Yedogit,38.92866,11.64089,01/08/2014,Meher-14
1159,2014,Amhara,North Wollo,Wadla,Yedogit,38.92337412,11.64519235,01/08/2014,Meher-14
1160,2014,Amhara,North Wollo,Wadla,Yedogit,38.92364,11.64416,01/08/2014,Meher-14
1161,2014,Amhara,North Wollo,Wadla,Yedogit,38.92337412,11.64519235,01/08/2014,Meher-14
1164,2014,Amhara,North Wollo,Wadla,Yedogit,38.92352,11.64564,01/08/2014,Meher-14
1165,2014,Amhara,North Wollo,Wadla,Yedogit,38.92337412,11.64519235,01/08/2014,Meher-14
1169,2014,Amhara,North Wollo,Wadla,Yedogit,38.92337412,11.64519235,01/08/2014,Meher-14
1170,2014,Amhara,North Wollo,Wadla,Yedogit,38.92529,11.6486,01/08/2014,Meher-14
1172,2014,Amhara,North Wollo,Meket,Werkaye,38.74698708,11.73543515,01/08/2014,Meher-14
1173,2014,Amhara,North Wollo,Meket,Werkaye,38.751825,11.731889,01/08/2014,Meher-14
1174,2014,Amhara,North Wollo,Meket,Werkaye,38.74698708,11.73543515,01/08/2014,Meher-14
1175,2013,Amhara,North Wollo,Meket,Werkaye,38.743472,11.723793,01/08/2013,Meher-13
1176,2014,Amhara,North Wollo,Meket,Werkaye,38.746021,11.740546,01/08/2014,Meher-14
1177,2014,Amhara,North Wollo,Meket,Werkaye,38.74698708,11.73543515,01/08/2014,Meher-14
1179,2014,Amhara,North Wollo,Meket,Werkaye,38.74698708,11.73543515,01/08/2014,Meher-14
1180,2014,Amhara,North Wollo,Meket,Werkaye,38.74086,11.735392,01/08/2014,Meher-14
1181,2014,Amhara,North Wollo,Meket,Werkaye,38.74698708,11.73543515,01/08/2014,Meher-14
1182,2013,Amhara,North Wollo,Meket,Werkaye,38.74698708,11.73543515,01/08/2013,Meher-13
1183,2014,Amhara,North Wollo,Meket,Werkaye,38.74398,11.734765,01/08/2014,Meher-14
1185,2013,Amhara,North Wollo,Meket,Werkaye,38.744496,11.733649,01/08/2013,Meher-13
1186,2014,Amhara,North Wollo,Meket,Werkaye,38.74698708,11.73543515,01/08/2014,Meher-14
1187,2014,Amhara,North Wollo,Meket,Werkaye,38.74698708,11.73543515,01/08/2014,Meher-14
1188,2013,Amhara,North Wollo,Meket,Werkaye,38.745549,11.732102,01/08/2013,Meher-13
1189,2014,Amhara,North Wollo,Meket,Werkaye,38.74964,11.73559,01/08/2014,Meher-14
1190,2014,Amhara,North Wollo,Meket,Werkaye,38.75373,11.73608,01/08/2014,Meher-14
1192,2014,Amhara,North Wollo,Meket,Werkaye,38.74472,11.72473,01/08/2014,Meher-14
1194,2014,Amhara,North Wollo,Meket,Werkaye,38.74248,11.7268,01/08/2014,Meher-14
1196,2014,Amhara,North Wollo,Meket,Werkaye,38.74802,11.7362,01/08/2014,Meher-14
1197,2014,Amhara,North Wollo,Meket,Werkaye,38.7341,11.74227,01/08/2014,Meher-14
1199,2014,Amhara,North Wollo,Meket,Werkaye,38.73975,11.73335,01/08/2014,Meher-14
1200,2014,Amhara,North Wollo,Meket,Werkaye,38.75649,11.73723,01/08/2014,Meher-14
1201,2014,Amhara,North Wollo,Meket,Werkaye,38.730712,11.734997,01/08/2014,Meher-14
1202,2014,Amhara,North Wollo,Meket,Werkaye,38.74462,11.74386,01/08/2014,Meher-14
1203,2014,Amhara,North Wollo,Meket,Werkaye,38.74698708,11.73543515,01/08/2014,Meher-14
1204,2014,Amhara,North Wollo,Meket,Werkaye,38.75077,11.74683,01/08/2014,Meher-14
1205,2014,Amhara,North Wollo,Meket,Werkaye,38.73642,11.74227,09/07/2014,Meher-14
1206,2014,Amhara,North Wollo,Meket,Werkaye,38.750582,11.737236,01/08/2014,Meher-14
1207,2014,Amhara,North Wollo,Meket,Werkaye,38.751456,11.731456,01/08/2014,Meher-14
1208,2014,Amhara,North Wollo,Meket,Werkaye,38.73759,11.73121,01/08/2014,Meher-14
1209,2014,Amhara,North Wollo,Meket,Werkaye,38.749085,11.725637,01/08/2014,Meher-14
1210,2014,Amhara,North Wollo,Meket,Werkaye,38.72975,11.74477,01/08/2014,Meher-14
1211,2014,Amhara,North Wollo,Meket,Werkaye,38.7589,11.72745,01/08/2014,Meher-14
1212,2014,Amhara,North Wollo,Meket,Werkaye,38.75739,11.73172,01/08/2014,Meher-14
1213,2014,Amhara,North Wollo,Meket,Werkaye,38.75145,11.73844,01/08/2014,Meher-14
1214,2014,Amhara,North Wollo,Meket,Werkaye,38.75683,11.73862,01/08/2014,Meher-14
1215,2014,Amhara,North Wollo,Meket,Werkaye,38.74652,11.72364,01/08/2014,Meher-14
1216,2014,Amhara,North Wollo,Meket,Werkaye,38.738573,11.735996,01/08/2014,Meher-14
1217,2014,Amhara,North Wollo,Meket,Werkaye,38.75438,11.75199,01/08/2014,Meher-14
1218,2014,Amhara,North Wollo,Meket,Werkaye,38.75438,11.75199,01/08/2014,Meher-14
1219,2014,Amhara,North Wollo,Meket,Werkaye,38.746905,11.728543,01/08/2014,Meher-14
1220,2014,Amhara,North Wollo,Meket,Werkaye,38.746029,11.735007,01/08/2014,Meher-14
1221,2014,Amhara,North Wollo,Meket,Werkaye,38.75021,11.74683,01/08/2014,Meher-14
1222,2014,Amhara,North Wollo,Meket,Werkaye,38.75091,11.74652,01/08/2014,Meher-14
1223,2014,Amhara,North Wollo,Meket,Agrit,38.70506029,11.82123303,01/08/2014,Meher-14
1224,2014,Amhara,North Wollo,Meket,Agrit,38.68589689,11.81722435,01/08/2014,Meher-14
1225,2014,Amhara,North Wollo,Meket,Agrit,38.6940324,11.81820451,01/08/2014,Meher-14
1226,2014,Amhara,North Wollo,Meket,Agrit,38.6940324,11.81820451,01/08/2014,Meher-14
1227,2014,Amhara,North Wollo,Meket,Agrit,38.6841955,11.81993547,01/08/2014,Meher-14
1229,2014,Amhara,North Wollo,Meket,Agrit,38.67111739,11.81709005,01/08/2014,Meher-14
1231,2014,Amhara,North Wollo,Meket,Agrit,38.6940324,11.81820451,01/08/2014,Meher-14
1232,2014,Amhara,North Wollo,Meket,Agrit,38.6940324,11.81820451,01/08/2014,Meher-14
1234,2013,Amhara,North Wollo,Meket,Agrit,38.6945197,11.81464734,01/08/2013,Meher-13
1235,2013,Amhara,North Wollo,Meket,Agrit,38.69631142,11.81314806,01/08/2013,Meher-13
1236,2013,Amhara,North Wollo,Meket,Agrit,38.68362801,11.81847886,01/08/2013,Meher-13
1237,2014,Amhara,North Wollo,Meket,Agrit,38.69975725,11.81845115,01/08/2014,Meher-14
1239,2013,Amhara,North Wollo,Meket,Agrit,38.6940324,11.81820451,01/08/2013,Meher-13
1240,2014,Amhara,North Wollo,Meket,Agrit,38.70033577,11.81827994,01/08/2014,Meher-14
1242,2014,Amhara,North Wollo,Meket,Agrit,38.6940324,11.81820451,01/08/2014,Meher-14
1245,2014,Amhara,North Wollo,Meket,Agrit,38.69444277,11.81779436,01/08/2014,Meher-14
1247,2014,Amhara,North Wollo,Meket,Agrit,38.69348853,11.81736829,01/08/2014,Meher-14
1248,2014,Amhara,North Wollo,Meket,Agrit,38.69243093,11.81907635,01/08/2014,Meher-14
1249,2014,Amhara,North Wollo,Meket,Agrit,38.68748232,11.8196045,01/08/2014,Meher-14
1251,2014,Amhara,North Wollo,Meket,Agrit,38.69424328,11.81556947,01/08/2014,Meher-14
1253,2014,Amhara,North Wollo,Meket,Agrit,38.68415173,11.81807249,01/08/2014,Meher-14
1254,2014,Amhara,North Wollo,Meket,Agrit,38.69755521,11.81739978,01/08/2014,Meher-14
1255,2014,Amhara,North Wollo,Meket,Agrit,38.69609385,11.81898081,01/08/2014,Meher-14
1256,2014,Amhara,North Wollo,Meket,Agrit,38.70645562,11.82127065,01/08/2014,Meher-14
1257,2014,Amhara,North Wollo,Meket,Agrit,38.69750823,11.81837642,01/08/2014,Meher-14
1259,2014,Amhara,North Wollo,Meket,Agrit,38.69132356,11.81603657,01/08/2014,Meher-14
1268,2014,Amhara,North Wollo,Meket,Agrit,38.69351362,11.8195749,01/08/2014,Meher-14
1271,2014,Amhara,North Wollo,Meket,Agrit,38.69687414,11.81899069,01/08/2014,Meher-14
1273,2014,Amhara,North Wollo,Meket,Agrit,38.6940324,11.81820451,01/08/2014,Meher-14
1274,2014,Amhara,North Wollo,Meket,Timtimat,38.965163,11.71483611,01/08/2014,Meher-14
1275,2013,Amhara,North Wollo,Meket,Timtimat,38.960184,11.717931,01/08/2013,Meher-13
1276,2013,Amhara,North Wollo,Meket,Timtimat,38.979025,11.70924,01/08/2013,Meher-13
1277,2013,Amhara,North Wollo,Meket,Timtimat,38.965163,11.71483611,01/08/2013,Meher-13
1278,2014,Amhara,North Wollo,Meket,Timtimat,38.965163,11.71483611,01/08/2014,Meher-14
1279,2014,Amhara,North Wollo,Meket,Timtimat,38.965163,11.71483611,01/08/2014,Meher-14
1280,2014,Amhara,North Wollo,Meket,Timtimat,38.965163,11.71483611,01/08/2014,Meher-14
1281,2014,Amhara,North Wollo,Meket,Timtimat,38.965163,11.71483611,01/08/2014,Meher-14
1282,2014,Amhara,North Wollo,Meket,Timtimat,38.965163,11.71483611,01/08/2014,Meher-14
1283,2014,Amhara,North Wollo,Meket,Timtimat,38.965163,11.71483611,01/08/2014,Meher-14
1284,2013,Amhara,North Wollo,Meket,Timtimat,38.961236,11.718192,01/08/2013,Meher-13
1285,2013,Amhara,North Wollo,Meket,Timtimat,38.977893,11.706233,01/08/2013,Meher-13
1286,2014,Amhara,North Wollo,Meket,Timtimat,38.965163,11.71483611,01/08/2014,Meher-14
1287,2013,Amhara,North Wollo,Meket,Timtimat,38.966915,11.715781,01/08/2013,Meher-13
1288,2013,Amhara,North Wollo,Meket,Timtimat,38.966915,11.715781,01/08/2013,Meher-13
1289,2013,Amhara,North Wollo,Meket,Timtimat,38.960954,11.715978,01/08/2013,Meher-13
1290,2014,Amhara,North Wollo,Meket,Timtimat,38.967679,11.704313,01/08/2014,Meher-14
1291,2014,Amhara,North Wollo,Meket,Timtimat,38.966657,11.718908,01/08/2014,Meher-14
1292,2014,Amhara,North Wollo,Meket,Timtimat,38.961361,11.717624,01/08/2014,Meher-14
1293,2014,Amhara,North Wollo,Meket,Timtimat,38.961327,11.708637,01/08/2014,Meher-14
1294,2014,Amhara,North Wollo,Meket,Timtimat,38.963118,11.716176,01/08/2014,Meher-14
1295,2014,Amhara,North Wollo,Meket,Timtimat,38.963856,11.717621,01/08/2014,Meher-14
1296,2014,Amhara,North Wollo,Meket,Timtimat,38.950935,11.714173,01/08/2014,Meher-14
1297,2014,Amhara,North Wollo,Meket,Timtimat,38.965163,11.71483611,01/08/2014,Meher-14
1298,2014,Amhara,North Wollo,Meket,Timtimat,38.964966,11.716355,01/08/2014,Meher-14
1299,2014,Amhara,North Wollo,Meket,Timtimat,38.969242,11.714171,01/08/2014,Meher-14
1300,2014,Amhara,North Wollo,Meket,Timtimat,38.970725,11.72374,01/08/2014,Meher-14
1301,2014,Amhara,North Wollo,Meket,Timtimat,38.968704,11.720919,01/08/2014,Meher-14
1302,2014,Amhara,North Wollo,Meket,Timtimat,38.968195,11.720692,01/08/2014,Meher-14
1303,2014,Amhara,North Wollo,Meket,Timtimat,38.94707,11.707127,01/08/2014,Meher-14
1304,2014,Amhara,North Wollo,Meket,Timtimat,38.97092,11.724008,01/08/2014,Meher-14
1305,2014,Amhara,North Wollo,Meket,Timtimat,38.966338,11.718928,01/08/2014,Meher-14
1306,2014,Amhara,North Wollo,Meket,Timtimat,38.966338,11.718928,01/08/2014,Meher-14
1307,2014,Amhara,North Wollo,Meket,Timtimat,38.967299,11.705297,01/08/2014,Meher-14
1308,2014,Amhara,North Wollo,Meket,Timtimat,38.968789,11.72146,01/08/2014,Meher-14
1309,2014,Amhara,North Wollo,Meket,Timtimat,38.960685,11.718022,01/08/2014,Meher-14
1310,2014,Amhara,North Wollo,Meket,Timtimat,38.979377,11.710227,01/08/2014,Meher-14
1311,2014,Amhara,North Wollo,Meket,Timtimat,38.96286,11.720438,01/08/2014,Meher-14
1312,2014,Amhara,North Wollo,Meket,Timtimat,38.945896,11.706735,01/08/2014,Meher-14
1313,2014,Amhara,North Wollo,Meket,Timtimat,38.964003,11.716388,01/08/2014,Meher-14
1314,2014,Amhara,North Wollo,Meket,Timtimat,38.946758,11.706276,01/08/2014,Meher-14
1315,2014,Amhara,North Wollo,Meket,Timtimat,38.959369,11.716781,01/08/2014,Meher-14
1316,2014,Amhara,North Wollo,Meket,Timtimat,38.97885,11.706684,01/08/2014,Meher-14
1317,2014,Amhara,North Wollo,Meket,Timtimat,38.978825,11.706672,01/08/2014,Meher-14
1318,2014,Amhara,North Wollo,Meket,Timtimat,38.969496,11.721902,01/08/2014,Meher-14
1319,2014,Amhara,North Wollo,Meket,Timtimat,38.965163,11.71483611,01/08/2014,Meher-14
1320,2014,Amhara,North Wollo,Meket,Timtimat,38.943932,11.705448,01/08/2014,Meher-14
1321,2014,Amhara,North Wollo,Meket,Timtimat,38.96916,11.721368,01/08/2014,Meher-14
1322,2014,Amhara,North Wollo,Meket,Timtimat,38.968291,11.720389,01/08/2014,Meher-14
1323,2014,Amhara,North Wollo,Meket,Timtimat,38.965163,11.71483611,01/08/2014,Meher-14
1324,2014,Amhara,North Wollo,Meket,Timtimat,38.967908,11.705506,01/08/2014,Meher-14
1325,2014,Amhara,North Wollo,Meket,Hamusit,39.02029,11.78779,01/08/2014,Meher-14
1326,2014,Amhara,North Wollo,Meket,Hamusit,39.02391,11.77979,01/08/2014,Meher-14
1329,2013,Amhara,North Wollo,Meket,Hamusit,39.0209,11.77969,01/08/2013,Meher-13
1330,2014,Amhara,North Wollo,Meket,Hamusit,39.02308,11.77892,01/08/2014,Meher-14
1333,2014,Amhara,North Wollo,Meket,Hamusit,39.01776,11.7906,01/08/2014,Meher-14
1334,2014,Amhara,North Wollo,Meket,Hamusit,39.01519,11.78954,01/08/2014,Meher-14
1336,2014,Amhara,North Wollo,Meket,Hamusit,39.01696,11.78655,01/08/2014,Meher-14
1337,2014,Amhara,North Wollo,Meket,Hamusit,39.01491,11.77737,01/08/2014,Meher-14
1339,2014,Amhara,North Wollo,Meket,Hamusit,39.02412,11.78589,01/08/2014,Meher-14
1341,2014,Amhara,North Wollo,Meket,Hamusit,39.01903222,11.78484148,01/08/2014,Meher-14
1342,2014,Amhara,North Wollo,Meket,Hamusit,39.02021,11.78959,01/08/2014,Meher-14
1344,2014,Amhara,North Wollo,Meket,Hamusit,39.02587,11.77472,01/08/2014,Meher-14
1345,2014,Amhara,North Wollo,Meket,Hamusit,39.02172,11.77882,01/08/2014,Meher-14
1347,2014,Amhara,North Wollo,Meket,Hamusit,39.01117,11.787,01/08/2014,Meher-14
1348,2014,Amhara,North Wollo,Meket,Hamusit,39.0167,11.79146,01/08/2014,Meher-14
1350,2014,Amhara,North Wollo,Meket,Hamusit,39.0228,11.78964,01/08/2014,Meher-14
1352,2014,Amhara,North Wollo,Meket,Hamusit,39.02333,11.77803,01/08/2014,Meher-14
1354,2014,Amhara,North Wollo,Meket,Hamusit,39.01974,11.78911,01/08/2014,Meher-14
1355,2014,Amhara,North Wollo,Meket,Hamusit,39.01903222,11.78484148,01/08/2014,Meher-14
1356,2014,Amhara,North Wollo,Meket,Hamusit,39.01903222,11.78484148,01/08/2014,Meher-14
1357,2014,Amhara,North Wollo,Meket,Hamusit,39.02114,11.7903,01/08/2014,Meher-14
1358,2014,Amhara,North Wollo,Meket,Hamusit,39.02306,11.77728,01/08/2014,Meher-14
1359,2014,Amhara,North Wollo,Meket,Hamusit,39.02338,11.77682,01/08/2014,Meher-14
1360,2014,Amhara,North Wollo,Meket,Hamusit,39.00372,11.78826,01/08/2014,Meher-14
1364,2014,Amhara,North Wollo,Meket,Hamusit,39.0015,11.78812,01/08/2014,Meher-14
1365,2014,Amhara,North Wollo,Meket,Hamusit,39.01889,11.77811,01/08/2014,Meher-14
1366,2014,Amhara,North Wollo,Meket,Hamusit,39.02022,11.7903,01/08/2014,Meher-14
1370,2014,Amhara,North Wollo,Meket,Aymat,38.58189175,11.82140392,01/08/2014,Meher-14
1371,2014,Amhara,North Wollo,Meket,Aymat,38.58350248,11.82467091,01/08/2014,Meher-14
1372,2014,Amhara,North Wollo,Meket,Aymat,38.58981888,11.83049494,01/08/2014,Meher-14
1374,2014,Amhara,North Wollo,Meket,Aymat,38.58838391,11.82788522,01/08/2014,Meher-14
1376,2014,Amhara,North Wollo,Meket,Aymat,38.58435706,11.82412052,01/08/2014,Meher-14
1377,2014,Amhara,North Wollo,Meket,Aymat,38.58838391,11.82788522,01/08/2014,Meher-14
1378,2014,Amhara,North Wollo,Meket,Aymat,38.58838391,11.82788522,01/08/2014,Meher-14
1379,2014,Amhara,North Wollo,Meket,Aymat,38.58838391,11.82788522,01/08/2014,Meher-14
1380,2014,Amhara,North Wollo,Meket,Aymat,38.5873913,11.82702784,01/08/2014,Meher-14
1381,2014,Amhara,North Wollo,Meket,Aymat,38.58648108,11.82794893,01/08/2014,Meher-14
1382,2014,Amhara,North Wollo,Meket,Aymat,38.58838391,11.82788522,01/08/2014,Meher-14
1383,2014,Amhara,North Wollo,Meket,Aymat,38.58838391,11.82788522,01/08/2014,Meher-14
1384,2014,Amhara,North Wollo,Meket,Aymat,38.59343398,11.83180237,01/08/2014,Meher-14
1385,2014,Amhara,North Wollo,Meket,Aymat,38.58838391,11.82788522,01/08/2014,Meher-14
1386,2014,Amhara,North Wollo,Meket,Aymat,38.59166583,11.82934006,01/08/2014,Meher-14
1387,2014,Amhara,North Wollo,Meket,Aymat,38.58286988,11.82412738,01/08/2014,Meher-14
1388,2014,Amhara,North Wollo,Meket,Aymat,38.58838391,11.82788522,01/08/2014,Meher-14
1390,2014,Amhara,North Wollo,Meket,Aymat,38.58916006,11.82904706,01/08/2014,Meher-14
1391,2014,Amhara,North Wollo,Meket,Aymat,38.59617014,11.83150785,01/08/2014,Meher-14
1392,2014,Amhara,North Wollo,Meket,Aymat,38.5931873,11.83099717,01/08/2014,Meher-14
1393,2014,Amhara,North Wollo,Meket,Aymat,38.59018064,11.82799047,01/08/2014,Meher-14
1394,2014,Amhara,North Wollo,Meket,Aymat,38.58835111,11.82977839,01/08/2014,Meher-14
1395,2014,Amhara,North Wollo,Meket,Aymat,38.58838391,11.82788522,27/09/2014,Meher-14
1396,2014,Amhara,North Wollo,Meket,Aymat,38.58838391,11.82788522,01/08/2014,Meher-14
1397,2014,Amhara,North Wollo,Meket,Aymat,38.5873913,11.82702784,01/08/2014,Meher-14
1398,2014,Amhara,North Wollo,Meket,Aymat,38.58648108,11.82794893,01/08/2014,Meher-14
1400,2014,Amhara,North Wollo,Meket,Aymat,38.58838391,11.82788522,01/08/2014,Meher-14
1402,2014,Amhara,North Wollo,Meket,Aymat,38.58838391,11.82788522,01/08/2014,Meher-14
1403,2014,Amhara,North Wollo,Meket,Aymat,38.58838391,11.82788522,01/08/2014,Meher-14
1405,2014,Amhara,North Wollo,Meket,Aymat,38.58350248,11.82467091,01/08/2014,Meher-14
1407,2014,Amhara,North Wollo,Meket,Aymat,38.58916006,11.82904706,01/08/2014,Meher-14
1408,2014,Amhara,North Wollo,Meket,Aymat,38.58838391,11.82788522,01/08/2014,Meher-14
1409,2014,Amhara,North Wollo,Meket,Aymat,38.58838391,11.82788522,01/08/2014,Meher-14
1410,2014,Amhara,North Wollo,Meket,Aymat,38.58435706,11.82412052,01/08/2014,Meher-14
1411,2014,Amhara,North Wollo,Meket,Aymat,38.58838391,11.82788522,01/08/2014,Meher-14
1412,2014,Amhara,North Wollo,Meket,Aymat,38.58838391,11.82788522,01/08/2014,Meher-14
1413,2014,Amhara,North Wollo,Meket,Aymat,38.58838391,11.82788522,01/08/2014,Meher-14
1414,2014,Amhara,North Wollo,Meket,Aymat,38.5873913,11.82702784,01/08/2014,Meher-14
1415,2014,Amhara,North Wollo,Meket,Aymat,38.58648108,11.82794893,01/08/2014,Meher-14
1416,2014,Amhara,North Wollo,Meket,Aymat,38.58838391,11.82788522,01/08/2014,Meher-14
1417,2014,Amhara,North Wollo,Meket,Aymat,38.58838391,11.82788522,01/08/2014,Meher-14
1418,2014,Amhara,North Wollo,Meket,Aymat,38.59343398,11.83180237,01/08/2014,Meher-14
1419,2014,Amhara,North Wollo,Meket,Aymat,38.58838391,11.82788522,01/08/2014,Meher-14
1421,2014,Amhara,North Wollo,Wadla,Yewetet,38.97292667,11.57256444,01/08/2014,Meher-14
1422,2014,Amhara,North Wollo,Wadla,Yewetet,38.97458,11.56947,01/08/2014,Meher-14
1423,2014,Amhara,North Wollo,Wadla,Yewetet,38.9762,11.57472,01/08/2014,Meher-14
1424,2014,Amhara,North Wollo,Wadla,Yewetet,38.9707,11.57621,01/08/2014,Meher-14
1425,2014,Amhara,North Wollo,Wadla,Yewetet,38.97388,11.56932,01/08/2014,Meher-14
1426,2014,Amhara,North Wollo,Wadla,Yewetet,38.97292667,11.57256444,01/08/2014,Meher-14
1427,2014,Amhara,North Wollo,Wadla,Yewetet,38.97369,11.57835,01/08/2014,Meher-14
1428,2014,Amhara,North Wollo,Wadla,Yewetet,38.97137,11.56331,01/08/2014,Meher-14
1429,2014,Amhara,North Wollo,Wadla,Yewetet,38.97014,11.5776,01/08/2014,Meher-14
1430,2014,Amhara,North Wollo,Wadla,Yewetet,38.97265,11.57049,01/08/2014,Meher-14
1431,2014,Amhara,North Wollo,Wadla,Yewetet,38.97292667,11.57256444,01/08/2014,Meher-14
1432,2014,Amhara,North Wollo,Wadla,Yewetet,38.97176,11.57187,01/08/2014,Meher-14
1434,2014,Amhara,North Wollo,Wadla,Yewetet,38.97292667,11.57256444,01/08/2014,Meher-14
1435,2014,Amhara,North Wollo,Wadla,Yewetet,38.97405,11.56918,01/08/2014,Meher-14
1436,2014,Amhara,North Wollo,Wadla,Yewetet,38.97292667,11.57256444,01/08/2014,Meher-14
1437,2014,Amhara,North Wollo,Wadla,Yewetet,38.97292667,11.57256444,01/08/2014,Meher-14
1438,2014,Amhara,North Wollo,Wadla,Yewetet,38.97458,11.56947,01/08/2014,Meher-14
1439,2014,Amhara,North Wollo,Wadla,Yewetet,38.9762,11.57472,01/08/2014,Meher-14
1440,2014,Amhara,North Wollo,Wadla,Yewetet,38.9707,11.57621,01/08/2014,Meher-14
1441,2014,Amhara,North Wollo,Wadla,Yewetet,38.97388,11.56932,01/08/2014,Meher-14
1442,2014,Amhara,North Wollo,Wadla,Yewetet,38.97292667,11.57256444,01/08/2014,Meher-14
1443,2014,Amhara,North Wollo,Wadla,Yewetet,38.97369,11.57835,01/08/2014,Meher-14
1444,2014,Amhara,North Wollo,Wadla,Yewetet,38.97137,11.56331,01/08/2014,Meher-14
1445,2014,Amhara,North Wollo,Wadla,Yewetet,38.97014,11.5776,01/08/2014,Meher-14
1446,2014,Amhara,North Wollo,Wadla,Yewetet,38.97265,11.57049,01/08/2014,Meher-14
1447,2014,Amhara,North Wollo,Wadla,Yewetet,38.97292667,11.57256444,01/08/2014,Meher-14
1450,2014,Amhara,North Wollo,Wadla,Yewetet,38.97292667,11.57256444,01/08/2014,Meher-14
1452,2014,Amhara,North Wollo,Wadla,Yewetet,38.97292667,11.57256444,01/08/2014,Meher-14
1454,2014,Amhara,North Wollo,Wadla,Yewetet,38.97458,11.56947,01/08/2014,Meher-14
1455,2014,Amhara,North Wollo,Wadla,Yewetet,38.9762,11.57472,01/08/2014,Meher-14
1456,2014,Amhara,North Wollo,Wadla,Yewetet,38.9707,11.57621,01/08/2014,Meher-14
1457,2014,Amhara,North Wollo,Wadla,Yewetet,38.97388,11.56932,01/08/2014,Meher-14
1458,2014,Amhara,North Wollo,Wadla,Yewetet,38.97292667,11.57256444,01/08/2014,Meher-14
1459,2014,Amhara,North Wollo,Wadla,Yewetet,38.97369,11.57835,01/08/2014,Meher-14
1460,2014,Amhara,North Wollo,Wadla,Yewetet,38.97137,11.56331,01/08/2014,Meher-14
1461,2014,Amhara,North Wollo,Wadla,Yewetet,38.97014,11.5776,01/08/2014,Meher-14
1463,2014,Amhara,North Wollo,Wadla,Yewetet,38.97292667,11.57256444,01/08/2014,Meher-14
1464,2014,Amhara,North Wollo,Wadla,Yewetet,38.97176,11.57187,01/08/2014,Meher-14
1465,2014,Amhara,North Wollo,Wadla,Yewetet,38.97447,11.5784,01/08/2014,Meher-14
1466,2014,Amhara,North Wollo,Wadla,Yewetet,38.97292667,11.57256444,01/08/2014,Meher-14
1468,2014,Amhara,North Wollo,Meket,Akat,38.867211,11.6725385,01/08/2014,Meher-14
1470,2013,Amhara,North Wollo,Meket,Akat,38.86119,11.6685,01/08/2013,Meher-13
1471,2013,Amhara,North Wollo,Meket,Akat,38.87021,11.67721,01/08/2013,Meher-13
1472,2013,Amhara,North Wollo,Meket,Akat,38.86981,11.67709,01/08/2013,Meher-13
1473,2014,Amhara,North Wollo,Meket,Akat,38.867211,11.6725385,01/08/2014,Meher-14
1474,2014,Amhara,North Wollo,Meket,Akat,38.867211,11.6725385,01/08/2014,Meher-14
1476,2013,Amhara,North Wollo,Meket,Akat,38.8677,11.67218,01/08/2013,Meher-13
1477,2013,Amhara,North Wollo,Meket,Akat,38.8672,11.67287,01/08/2013,Meher-13
1478,2014,Amhara,North Wollo,Meket,Akat,38.867211,11.6725385,01/08/2014,Meher-14
1479,2013,Amhara,North Wollo,Meket,Akat,38.86812,11.66908,01/08/2013,Meher-13
1481,2014,Amhara,North Wollo,Meket,Akat,38.867211,11.6725385,01/08/2014,Meher-14
1482,2014,Amhara,North Wollo,Meket,Akat,38.867211,11.6725385,01/08/2014,Meher-14
1483,2014,Amhara,North Wollo,Meket,Akat,38.867211,11.6725385,01/08/2014,Meher-14
1484,2014,Amhara,North Wollo,Meket,Akat,38.867211,11.6725385,01/08/2014,Meher-14
1485,2014,Amhara,North Wollo,Meket,Akat,38.867211,11.6725385,01/08/2014,Meher-14
1486,2014,Amhara,North Wollo,Meket,Akat,38.867211,11.6725385,01/08/2014,Meher-14
1487,2013,Amhara,North Wollo,Meket,Akat,38.86119,11.6685,01/08/2013,Meher-13
1488,2013,Amhara,North Wollo,Meket,Akat,38.87021,11.67721,01/08/2013,Meher-13
1489,2013,Amhara,North Wollo,Meket,Akat,38.86981,11.67709,01/08/2013,Meher-13
1490,2014,Amhara,North Wollo,Meket,Akat,38.867211,11.6725385,01/08/2014,Meher-14
1491,2014,Amhara,North Wollo,Meket,Akat,38.867211,11.6725385,01/08/2014,Meher-14
1492,2014,Amhara,North Wollo,Meket,Akat,38.867211,11.6725385,01/08/2014,Meher-14
1493,2013,Amhara,North Wollo,Meket,Akat,38.8677,11.67218,01/08/2013,Meher-13
1494,2013,Amhara,North Wollo,Meket,Akat,38.8672,11.67287,01/08/2013,Meher-13
1496,2013,Amhara,North Wollo,Meket,Akat,38.86812,11.66908,01/08/2013,Meher-13
1497,2014,Amhara,North Wollo,Meket,Akat,38.86727,11.67216,01/08/2014,Meher-14
1498,2014,Amhara,North Wollo,Meket,Akat,38.867211,11.6725385,01/08/2014,Meher-14
1499,2014,Amhara,North Wollo,Meket,Akat,38.867211,11.6725385,01/08/2014,Meher-14
1500,2014,Amhara,North Wollo,Meket,Akat,38.867211,11.6725385,01/08/2014,Meher-14
1501,2014,Amhara,North Wollo,Meket,Akat,38.867211,11.6725385,01/08/2014,Meher-14
1502,2014,Amhara,North Wollo,Meket,Akat,38.867211,11.6725385,01/08/2014,Meher-14
1503,2014,Amhara,North Wollo,Meket,Akat,38.867211,11.6725385,01/08/2014,Meher-14
1504,2013,Amhara,North Wollo,Meket,Akat,38.86119,11.6685,01/08/2013,Meher-13
1506,2013,Amhara,North Wollo,Meket,Akat,38.86981,11.67709,01/08/2013,Meher-13
1507,2014,Amhara,North Wollo,Meket,Akat,38.867211,11.6725385,01/08/2014,Meher-14
1508,2014,Amhara,North Wollo,Meket,Akat,38.867211,11.6725385,01/08/2014,Meher-14
1509,2014,Amhara,North Wollo,Meket,Akat,38.867211,11.6725385,01/08/2014,Meher-14
1510,2013,Amhara,North Wollo,Meket,Akat,38.8677,11.67218,01/08/2013,Meher-13
1511,2013,Amhara,North Wollo,Meket,Akat,38.8672,11.67287,01/08/2013,Meher-13
1512,2014,Amhara,North Wollo,Meket,Akat,38.867211,11.6725385,01/08/2014,Meher-14
1513,2013,Amhara,North Wollo,Meket,Akat,38.86812,11.66908,01/08/2013,Meher-13
1514,2014,Amhara,North Wollo,Meket,Akat,38.86727,11.67216,01/08/2014,Meher-14
1515,2014,Amhara,North Wollo,Meket,Akat,38.867211,11.6725385,01/08/2014,Meher-14
1516,2014,Amhara,North Wollo,Meket,Akat,38.867211,11.6725385,01/08/2014,Meher-14
1517,2014,Amhara,North Wollo,Meket,Akat,38.867211,11.6725385,01/08/2014,Meher-14
1518,2014,Amhara,North Wollo,Meket,Akat,38.867211,11.6725385,01/08/2014,Meher-14
10002,2014,Oromia,Moret and Jiru,Bolo,Bolo,39.149111,9.008639,29/07/2014,Meher-14
10017,2014,Oromia,Seadebir and Wayo,Wole,Wole,39.238833,10.0165,02/08/2014,Meher-14
10073,2014,Amhara,Meket,Hanamekuat,Hanamekuat,38.68684,11.67907,05/08/2014,Meher-14
10106,2014,Oromia,Moret and Jiru,Kusaye,Kusaye,39.1735,9.874056,29/07/2014,Meher-14
10128,2014,Oromia,Moret and Jiru,Kosiamba,Kosiamba,39.190083,9.930583,31/07/2014,Meher-14
10142,2014,Amhara,Meket,Agrit,Agrit,38.70506029,11.82123303,12/08/2014,Meher-14
10158,2014,Amhara,Meket,Hamusit,Hamusit,39.02029,11.78779,02/08/2014,Meher-14
10167,2014,Amhara,Meket,Aymat,Aymat,38.59617014,11.83150785,25/07/2014,Meher-14
10207,2014,Amhara,Meket,Agrit,Agrit,38.70033577,11.81827994,11/08/2014,Meher-14
10214,2014,Amhara,Meket,Hanamekuat,Hanamekuat,38.69022,11.67813,25/07/2014,Meher-14
10249,2014,Amhara,Meket,Weketa,Weketa,38.76535,11.70798,07/08/2014,Meher-14
10261,2014,Oromia,Moret and Jiru,Kosiamba,Kosiamba,39.188444,9.930056,04/08/2014,Meher-14
10298,2014,Amhara,Meket,Hanamekuat,Hanamekuat,38.68695,11.68008,09/07/2014,Meher-14
10310,2014,Amhara,Meket,Hanamekuat,Hanamekuat,38.69461,11.68473,29/07/2014,Meher-14
10322,2014,Oromia,Moret and Jiru,Weyn amba,Weyn amba,39.174806,9.917917,29/07/2014,Meher-14
10351,2014,Oromia,Seadebir and Wayo,Dire,Dire,39.239778,10.009083,04/08/2014,Meher-14
10352,2014,Amhara,Meket,Hanamekuat,Hanamekuat,38.69022,11.67813,28/07/2014,Meher-14
10355,2014,Oromia,Moret and Jiru,Weyn amba,Weyn amba,39.184972,9.925667,01/08/2014,Meher-14
10363,2014,Oromia,Moret and Jiru,Kusaye,Kusaye,39.180139,9.862611,01/08/2014,Meher-14
10409,2014,Oromia,Seadebir and Wayo,Kubeti,Kubeti,39.191639,9.894722,29/07/2014,Meher-14
10430,2014,Amhara,Meket,Timtimat,Timtimat,38.961236,11.718192,12/08/2014,Meher-14
10435,2014,Amhara,Meket,Weketa,Weketa,38.76772,11.70875,11/08/2014,Meher-14
10450,2014,Amhara,Meket,Hanamekuat,Hanamekuat,38.682504,11.67405,10/08/2014,Meher-14
10456,2014,Amhara,Meket,Timtimat,Timtimat,38.978825,11.706672,03/08/2014,Meher-14
10565,2014,Amhara,Wadla,Yedogit,Yedogit,38.92404,11.64413,18/08/2014,Meher-14
10593,2014,Oromia,Seadebir and Wayo,Kubeti,Kubeti,39.202806,9.896056,02/08/2014,Meher-14
10619,2014,Amhara,Meket,Agrit,Agrit,38.69348853,11.81736829,30/07/2014,Meher-14
10656,2014,Amhara,Meket,Hamusit,Hamusit,39.0228,11.78964,10/08/2014,Meher-14
10676,2014,Amhara,Meket,Hanamekuat,Hanamekuat,38.68824,11.68118,19/07/2014,Meher-14
10685,2014,Oromia,Moret and Jiru,Burtilik,Burtilik,39.1865,9.858583,04/08/2014,Meher-14
10725,2014,Amhara,Meket,Werkaye,Werkaye,38.74652,11.72364,03/08/2014,Meher-14
10798,2014,Amhara,Meket,Werkaye,Werkaye,38.751456,11.731456,14/07/2014,Meher-14
10806,2013,Amhara,Meket,Weketa,Weketa,38.75922,11.70623,16/08/2013,Meher-13
10812,2014,Amhara,Meket,Akat,Akat,38.8672,11.67287,06/08/2014,Meher-14
10815,2014,Amhara,Meket,Weketa,Weketa,38.75922,11.70623,18/07/2014,Meher-14
10830,2014,Amhara,Meket,Timtimat,Timtimat,38.970725,11.72374,29/07/2014,Meher-14
10834,2014,Amhara,Meket,Weketa,Weketa,38.76748,11.7077,18/07/2014,Meher-14
10846,2014,Amhara,Wadla,Gashena,Gashena,38.91624,11.64212,27/07/2014,Meher-14
10851,2014,Amhara,Meket,Weketa,Weketa,38.76567,11.70462,15/07/2014,Meher-14
10872,2014,Oromia,Moret and Jiru,Kosiamba,Kosiamba,39.206083,9.939222,29/07/2014,Meher-14
10880,2014,Oromia,Seadebir and Wayo,Wole,Wole,39.118333,9.782139,30/07/2014,Meher-14
10890,2013,Amhara,Meket,Weketa,Weketa,38.75922,11.70623,06/08/2013,Meher-13
10891,2014,Amhara,Meket,Weketa,Weketa,38.75922,11.70623,06/08/2014,Meher-14
10896,2014,Oromia,Moret and Jiru,Burtilik,Burtilik,39.185417,9.859694,01/08/2014,Meher-14
10954,2014,Oromia,Moret and Jiru,Weyn amba,Weyn amba,39.190611,9.929528,15/08/2014,Meher-14
10999,2013,Amhara,Meket,Weketa,Weketa,38.75922,11.70623,07/08/2013,Meher-13
11002,2014,Oromia,Moret and Jiru,Kosiamba,Kosiamba,39.203806,9.93775,29/07/2014,Meher-14
11023,2014,Oromia,Moret and Jiru,Kusaye,Kusaye,39.167222,9.897917,06/08/2014,Meher-14
11040,2014,Amhara,Meket,Hanamekuat,Hanamekuat,38.6877,11.68206,21/07/2014,Meher-14
11043,2014,Amhara,Meket,Agrit,Agrit,38.69975725,11.81845115,13/07/2014,Meher-14
11078,2014,Amhara,Meket,Werkaye,Werkaye,38.751456,11.731456,11/08/2014,Meher-14
11080,2014,Amhara,Meket,Timtimat,Timtimat,38.959369,11.716781,22/07/2014,Meher-14
11105,2014,Amhara,Meket,Agrit,Agrit,38.69687414,11.81899069,06/08/2014,Meher-14
11107,2014,Oromia,Seadebir and Wayo,Wole,Wole,39.123861,9.782417,05/08/2014,Meher-14
11130,2014,Amhara,Meket,Agrit,Agrit,38.69755521,11.81739978,01/08/2014,Meher-14
11133,2014,Amhara,Meket,Werkaye,Werkaye,38.751456,11.731456,02/08/2014,Meher-14
11144,2014,Amhara,Meket,Hamusit,Hamusit,39.02021,11.78959,26/07/2014,Meher-14
11146,2014,Oromia,Moret and Jiru,Burtilik,Burtilik,39.18925,9.857833,16/08/2014,Meher-14
11185,2014,Amhara,Meket,Timtimat,Timtimat,38.964966,11.716355,14/07/2014,Meher-14
11192,2014,Amhara,Meket,Hanamekuat,Hanamekuat,38.68509,11.67001,23/07/2014,Meher-14
11193,2014,Amhara,Meket,Agrit,Agrit,38.68748232,11.8196045,11/08/2014,Meher-14
geregera,NA,Amhara,NA,NA,NA,38.86667,11.66667,NA,NA
hagreselam,NA,Tigray,NA,NA,NA,39.16667,13.65,NA,NA
